1,_,是正品,真伪
1,_,白嫩,使用体验
1,_,不错,整体
2,颜色,明显,其他
2,_,不是我喜欢,整体
3,_,挺细腻的,使用体验
4,_,还行,整体
5,_,不错,整体
6,_,很细腻,使用体验
6,_,贴合肤色,使用体验
6,_,提亮了肌肤,功效
6,_,很好,整体
7,_,特别好用,整体
7,_,很喜欢,整体
8,_,好评,整体
9,_,还可以,整体
10,_,不错,整体
11,_,不错,整体
11,_,没有油腻,使用体验
11,_,很清爽,使用体验
11,_,水润,使用体验
11,_,很清爽,使用体验
11,_,水润,使用体验
12,包装,一般,包装
12,_,还行,整体
13,_,一般般,整体
14,_,不错,整体
15,物流速度,快,物流
15,包装,裂了,包装
15,_,很不爽,整体
16,_,好用,整体
17,发货速度,快,物流
18,_,很喜欢,整体
18,_,很好用,整体
19,_,很好,整体
19,_,不错,整体
19,_,喜欢,整体
20,_,自然,功效
20,_,不油腻,使用体验
21,_,挺好用的,整体
21,_,好评,整体
22,_,最合适,整体
22,_,比较干净,功效
23,_,很不错,整体
23,_,很贴肤,使用体验
23,_,细腻,使用体验
24,_,不错,整体
25,_,优惠,价格
26,_,很好用,整体
26,_,太贵了,价格
26,_,有点干,使用体验
27,_,真心不错,整体
28,_,较慢,其他
28,_,油腻,使用体验
28,_,一般,整体
29,_,很好用,整体
29,_,很温和,使用体验
30,_,还可以,整体
30,_,有些发白,功效
31,_,不错,整体
31,_,非常好,整体
32,卸妆,干净,功效
32,_,好评,整体
33,_,好用,整体
33,_,很自然,功效
34,_,很好,整体
34,_,不错,整体
34,_,快,物流
34,_,_,_
36,快递,很快,物流
37,速度,很快,物流
37,_,很划算,价格
38,包装,不错,包装
38,_,很水润,使用体验
39,物流,很快,物流
39,快递小哥服务,很好,物流
39,_,是真的,真伪
39,_,_,_
41,_,水水的,使用体验
41,_,很好用,整体
41,_,不紧绷了,使用体验
42,_,一般,整体
43,酒精味,重,气味
43,_,挺好用的,整体
44,_,很喜欢,整体
45,_,很好,整体
46,_,还可以,整体
47,味道,没有刺鼻,气味
47,_,非常不错,整体
47,_,很温和,使用体验
48,_,还行,整体
48,_,不错,整体
49,盒子,没有,包装
49,_,太垃圾了,整体
50,香味,淡淡的,气味
50,_,还不错,整体
51,_,不错,整体
52,_,好用,整体
52,_,显白,功效
52,_,不油腻,使用体验
53,价格,挺便宜的,价格
54,快递速度,快,物流
54,快递小哥,点赞,物流
54,_,不错,整体
55,_,很不错,整体
55,_,实惠,价格
56,_,很喜欢,整体
57,_,不怎么好用,整体
1830,_,不怎么好用,整体
58,_,大大,其他
59,_,会辣眼睛,使用体验
60,_,非常好,整体
60,_,很滑,使用体验
60,_,很嫩,使用体验
61,_,好,整体
62,_,不好用,整体
62,_,不适合,整体
63,_,特别合适,整体
63,活动,_,价格
64,_,很适合,整体
64,_,不错,整体
65,送货师傅,很给力,物流
65,_,不错,整体
66,物流,很快,物流
66,_,还可以,整体
67,_,没有这个好用,整体
68,物流,非常快,物流
68,包装,不错,包装
69,快递,给力,物流
70,_,还可以,整体
71,_,滋润,使用体验
71,_,挺好的,整体
71,保湿,_,功效
72,包装,很一般,包装
73,_,过敏,使用体验
73,_,长红色,包装
74,_,_,_
75,活动,非常划算,价格
75,_,真心不错,整体
75,_,温和,使用体验
76,_,很好用,整体
77,_,好评,整体
77,_,真的好,整体
78,价格,便宜,价格
78,性价比,高,价格
78,包装,不错,包装
78,_,还可以,整体
79,包装,很好,包装
79,快递,也快,物流
80,_,还不错,整体
80,补水效果,_,功效
81,_,很好用,整体
82,物流,很快,物流
82,_,不错,整体
83,_,还行,整体
84,_,还不错,整体
85,设计,很喜欢,包装
86,修复,很好,功效
86,_,很好用,整体
86,_,光光滑的,使用体验
86,_,超喜欢,整体
87,速度,很快,物流
87,_,水润润,使用体验
87,_,好评,整体
88,_,很温和,使用体验
88,_,很清爽,使用体验
88,_,不紧绷,使用体验
88,_,很划算,价格
89,_,非常好用,整体
90,_,不错,整体
91,_,挺好的,整体
91,_,不错的,整体
92,味道,不是很喜欢,气味
93,味道,特别好闻,气味
93,_,很好用,整体
93,_,很细腻,使用体验
94,价格,优惠,价格
94,_,满意,整体
95,_,挺好的,整体
96,精华液,挺多,成分
96,_,特别滑,使用体验
96,_,好评,整体
97,包装,精美,包装
97,价格,实惠,价格
98,快递,给力,物流
98,_,很不错,整体
98,小赠品,_,价格
99,补水效果,较好,功效
100,补水效果,特别好,功效
100,_,特别水润,使用体验
101,性价比,高,价格
101,_,还可以,整体
102,味道,淡淡的,气味
102,_,不油腻,使用体验
102,包装,_,包装
103,_,很喜欢,整体
103,_,水水的,使用体验
104,_,可以,整体
104,_,便宜,价格
104,_,实惠,价格
105,_,还可以,整体
105,_,太硬了,使用体验
106,_,好用,整体
106,_,超级好用,整体
106,活动,_,价格
107,_,很不错,整体
108,_,不错,整体
109,送货,快,物流
109,_,很好用,整体
110,_,还行,整体
110,味道,_,气味
111,性价比,很高,价格
111,_,还不错,整体
112,香味,浓郁,气味
112,遮瑕效果,非常好,功效
112,_,是正品,真伪
113,保湿效果,不错,功效
113,_,挺好用的,整体
114,_,非常好用,整体
115,_,很好用,整体
116,_,_,_
117,无流,很快,物流
117,_,挺好的,整体
118,价格,合适,价格
118,_,不贵,价格
119,性价比,最高,价格
119,物流,很快,物流
119,_,是正品,真伪
119,_,很好用,整体
120,_,挺好的,整体
120,_,不错,整体
121,_,挺好的,整体
122,味道,不好闻,气味
122,_,不好冲洗,使用体验
122,赠品,_,价格
123,_,可以,整体
124,_,很好用,整体
125,_,好用,整体
125,_,好用,整体
125,_,不贵,价格
126,_,不错,整体
126,_,好用,整体
127,送货速度,很快,物流
127,_,好用,整体
127,_,挺清爽的,使用体验
127,_,很方便,整体
127,_,优惠,价格
128,_,还可以,整体
129,_,_,_
130,发货,快,物流
130,盒子,很漂亮,包装
130,_,物美价廉,价格
131,活动,_,价格
132,_,不好,整体
133,快递,慢,物流
133,_,一般般,整体
134,物流,快,物流
135,赠品,没有,价格
135,价格,差不多,价格
136,_,好用,整体
136,_,超级好用,整体
136,_,不干了,使用体验
136,_,很舒服,使用体验
137,水份,多,使用体验
137,价格,便宜,价格
137,_,不紧,使用体验
138,_,超级补水,功效
138,_,超级划算,价格
138,_,五星好评,整体
139,_,一直用,整体
140,送货,快,物流
141,补水效果,很好,功效
141,_,很好用,整体
141,_,滋润,使用体验
141,_,服帖,使用体验
142,补水,特别好,功效
142,_,很喜欢,整体
143,_,挺实惠,价格
143,_,蛮好用,整体
143,_,很滋润,使用体验
144,物流,很快,物流
144,赠品,多,价格
144,_,很好用,整体
145,物流,杠杠的,物流
145,包装,不错,包装
146,_,特别轻薄,使用体验
146,_,透气,使用体验
146,_,补水,功效
147,_,还可以,整体
148,补水效果,特别好,功效
149,_,还可以,整体
149,吸收效果,_,使用体验
150,_,很好,整体
150,增白,_,功效
150,补水,_,功效
151,_,好评,整体
152,_,不是太喜欢,整体
153,配送员服务,超好,物流
153,_,超级不错,整体
153,_,细腻,使用体验
153,_,不起块,使用体验
153,_,点赞,整体
154,_,搓泥,使用体验
154,_,干,使用体验
155,送货,快,物流
155,_,经济实惠,价格
155,送货速度,_,物流
156,_,很好用,整体
157,_,_,_
158,遮暇力度,不够,功效
158,上妆,服帖,使用体验
158,性价比,超高,价格
158,_,不油腻,使用体验
158,_,喜欢,整体
159,_,是正品,真伪
160,_,不错,整体
160,_,非常滋润,使用体验
161,_,很好用,整体
161,_,很实惠,价格
162,物流,很快,物流
162,价格,实惠,价格
162,_,挺好,整体
163,_,挺好用的,整体
163,_,很温和,使用体验
163,_,很清爽,使用体验
163,_,不伤皮肤,使用体验
163,卸妆,_,功效
164,外包装,湿了,包装
164,_,十分不好,整体
164,快递,_,物流
165,物流速度,不错,物流
425,物流速度,不错,物流
166,_,挺好用的,整体
167,_,非常不错,整体
167,_,实惠,价格
168,_,挺好用的,整体
168,_,挺滋润的,使用体验
169,_,好评,整体
169,_,好用,整体
171,_,_,_
171,_,不怎么好用,整体
171,_,洗不干净,功效
171,_,便宜,价格
172,吸收,超级滋润,使用体验
172,活动,给力,价格
172,_,快,物流
173,包装,捡漏,包装
174,_,不错,整体
174,_,很好闻,气味
174,_,很好,整体
175,_,很好用,整体
176,遮瑕,不咋个,功效
176,_,有点点卡粉,使用体验
177,_,一如既往的好,整体
178,补水效果,挺好的,功效
178,_,挺满意的,整体
178,_,还不错,整体
178,_,有点紧绷,使用体验
179,_,物超所值,整体
179,_,超快,物流
180,成膜,挺快的,功效
180,_,容易推开,使用体验
180,_,不油腻,使用体验
180,_,挺不错,整体
181,_,很好,整体
181,_,不过敏,使用体验
181,_,很保湿,功效
181,_,不油腻,使用体验
182,_,还不错,整体
182,_,遮盖红血丝,功效
182,_,挺干的,使用体验
183,_,很好用,整体
183,_,是正品,真伪
184,_,不错的，我是赶上秒杀的时候买的，比较优惠,价格
185,_,没用,整体
185,_,不错,整体
185,_,可以,整体
186,物流速度,_,物流
187,保湿效果,很好,功效
188,_,特别好用,整体
188,_,赞,整体
189,_,很滋润,使用体验
189,_,不脱妆,使用体验
189,_,挺好用的,整体
190,价格,合适,价格
190,_,不错,整体
191,_,很不错,整体
192,_,很好用,整体
192,_,很舒服,使用体验
193,_,不错,整体
194,泡泡,不是很多,使用体验
194,气味,很好闻,气味
194,清香,淡淡的,气味
195,_,一般,整体
195,_,一般,整体
196,包装盒子,最扣的面膜商家，连包装盒子都没有,包装
197,_,还行,整体
198,_,还可以,整体
198,_,不紧绷,使用体验
199,物流,很快,物流
199,_,很满意,整体
199,_,还不错,整体
200,_,可以的，但是我是油性皮肤用起来有些油,使用体验
200,补水,_,功效
201,送货速度,快,物流
201,_,很不错,整体
201,_,很喜欢,整体
201,_,棒棒的,整体
202,_,很喜欢,整体
203,物流,挺快的,物流
203,_,挺好的,整体
203,_,好评,整体
204,_,还可以,整体
205,_,很好,整体
205,_,贴肤,使用体验
205,_,不卡粉,使用体验
206,盒子,很精美,包装
206,_,大大的,其他
207,香味,不重,气味
207,_,很喜欢,整体
207,_,很好用,整体
207,_,不刺激,使用体验
207,_,特别好,整体
208,味道,香香的,气味
208,_,挺好用的,整体
208,_,很滑,使用体验
208,_,很舒服,使用体验
208,_,好评,整体
209,速度,快,物流
210,活动,给力,价格
211,补水效果,特别好,功效
211,_,很喜欢,整体
212,泡沫,没有,使用体验
212,_,假的,真伪
213,_,不好,整体
214,_,不错,整体
214,_,满意,整体
215,_,非常好用,整体
215,_,很干净,功效
216,_,很好用,整体
216,_,不油腻,使用体验
217,快递,超级给力,物流
217,_,不错,整体
218,成分,安全,成分
218,活动,很惊喜,价格
218,_,很好用,整体
218,赠品,_,价格
219,包装,挺好看的,包装
219,快递小哥,_,物流
220,_,不错,整体
220,_,喜欢,整体
221,_,很便宜,价格
222,_,很好用,整体
223,_,好用,整体
224,_,闷闷的,整体
225,_,很好,整体
226,_,好好用,整体
226,_,很方便,整体
227,速度,飞快,物流
227,_,大爱,整体
228,_,光滑,使用体验
229,_,不过敏,使用体验
229,_,很好用,整体
230,物流,快,物流
230,_,真心不错,整体
230,_,喜欢,整体
231,物流,很快,物流
231,价格,越来越便宜,价格
231,_,很好,整体
232,_,物超所值,整体
232,_,好评,整体
233,_,好,整体
234,_,还好,整体
235,_,水润,使用体验
235,_,轻薄,使用体验
235,_,比较保湿,功效
236,_,挺好,整体
237,_,买贵了。现在有70的优惠卷 不是很开心,价格
237,_,贵,价格
237,优惠卷,_,价格
238,吸收,很好,使用体验
238,_,很喜欢,整体
239,_,不错,整体
240,补水,还可以,功效
240,精华液,很多,成分
240,_,不错,整体
241,_,便宜,价格
242,_,一般,整体
243,_,不错,整体
243,_,非常好用,整体
244,速度,快,物流
245,服务,很好,服务
245,性价比,高,价格
245,_,很不错,整体
246,_,还不错,整体
247,味道,闻着也很舒服,气味
247,_,很美白,功效
247,_,很舒服，很喜欢,气味
247,_,很喜欢，大爱,整体
248,_,挺好的,整体
248,_,滋润,使用体验
248,_,不油腻,使用体验
249,_,不错,整体
250,_,挺好用的,整体
250,_,很服帖,使用体验
250,_,自然,功效
251,_,过敏,使用体验
251,_,红点红斑，非常痛,使用体验
252,客服,_,服务
252,服务,_,服务
253,_,一般,整体
253,_,纯补水,功效
254,精华,好多,成分
254,_,挺好用的,整体
254,_,薄薄的,使用体验
254,_,很敷贴,使用体验
255,活动,不给力,价格
255,_,方便,其他
255,_,快捷,其他
255,_,不错,整体
256,_,好,整体
257,_,非常的好用,整体
258,_,好小,包装
259,_,摔坏了，心情十分感到失望,整体
260,_,特便宜,价格
261,_,好评,整体
261,_,好用,整体
262,_,物有所值,整体
263,_,不好,整体
264,_,还可以,整体
264,_,稍微去一点,功效
265,提亮肤色,有点暗淡,功效
265,_,还可以,整体
265,_,有点干,使用体验
266,_,好用,整体
266,_,便宜,价格
266,_,简单通透,使用体验
267,_,不错,整体
268,味道,很奇怪,气味
268,油漆味,辣眼睛,气味
268,防晒效果,_,功效
269,精华,好多,成分
269,_,很滋润,使用体验
269,_,特别喜欢,整体
269,_,喜欢,整体
270,_,好的很,整体
270,_,很喜欢,整体
270,_,很滋养,使用体验
270,_,美美哒,整体
271,物流,很快,物流
271,包装,完好,包装
271,服务,好,服务
272,价格,优惠,价格
272,_,不错,整体
272,活动,_,价格
272,补水效果,_,功效
273,香味,淡淡的,气味
273,_,挺好用的,整体
274,_,很好用,整体
275,_,超级差,整体
275,_,卡粉,使用体验
275,_,不遮瑕,功效
276,补水效果,很好,功效
276,_,很舒服,使用体验
277,_,稳和,使用体验
278,快递,很快,物流
278,服务,很好,服务
278,_,正品,真伪
278,_,实惠,价格
278,_,满意,整体
280,_,_,_
280,味道,清淡水,气味
280,泡沫,很细腻,使用体验
281,_,正品,真伪
281,_,特别省,使用体验
281,_,水水润润的,使用体验
282,活动,超级划算,价格
282,包装,好看,包装
283,_,长痘痘,使用体验
283,_,差,整体
284,_,还不错,整体
284,_,不卡粉,使用体验
284,_,挺好的,整体
284,_,有点小,尺寸
285,_,挺好用的,整体
286,_,挺好的,整体
287,物流,很快,物流
287,_,棒棒哒,整体
288,_,挺好用的,整体
289,_,真品,真伪
290,补水效果,很好,功效
291,_,很好用,整体
292,_,不错,整体
292,_,非常清爽,使用体验
292,_,舒服,使用体验
293,_,挺水润,使用体验
294,_,长很多痘,使用体验
295,_,很好用,整体
296,_,还可以,整体
297,赠品,最优惠,价格
298,物流,很快,物流
298,_,不错,整体
298,_,很服帖,使用体验
299,价格,小贵一些,价格
299,_,很棒的,整体
300,_,不干燥,使用体验
300,_,滑滑的,使用体验
301,外包装,_,包装
302,_,不错,整体
302,_,很舒服,使用体验
303,_,不错,整体
303,_,好评,整体
304,_,很喜欢,整体
304,小礼品,_,价格
305,_,比较实惠,价格
306,_,很好用,整体
307,_,不错,整体
308,快递,真快,物流
308,_,很满意,整体
309,_,太少了,其他
309,_,很少干干,其他
309,粉底,_,成分
310,_,不错,整体
310,_,很好用,整体
311,_,很香,气味
311,_,很白,功效
311,_,还可以,整体
312,_,不错,整体
313,_,有点小,整体
314,_,还不出错,整体
314,_,挺好,整体
314,_,算满意,整体
314,_,相当实惠,价格
315,_,很好,整体
315,_,漂亮,整体
316,精华,太少了,成分
316,_,差评,整体
316,_,太小,尺寸
317,上妆效果,还可以,功效
318,_,是正品,真伪
318,价格一样，还没有赠品,_,价格
319,保湿,不错,功效
319,价格,合适,价格
319,_,很好,整体
320,速度,超快的,物流
321,_,物美价廉,价格
322,包装,很好看,包装
323,补水效果,很好,功效
323,_,很薄的,使用体验
324,价格,太高,价格
325,保湿效果,很好,功效
326,_,很喜欢,整体
326,_,非常喜欢,整体
327,_,不错,整体
327,_,挺好用的,整体
328,_,不错,整体
329,_,真的不错,整体
330,_,很服帖,使用体验
330,_,超服帖,使用体验
331,_,很不错,整体
331,_,有点淡,气味
332,_,提亮肤色,功效
332,_,不油腻,使用体验
332,_,清新,使用体验
333,味道,好闻,气味
333,保湿效果,_,功效
334,速度,很快,物流
334,_,不错,整体
480,速度,很快,物流
480,_,不错,整体
1230,速度,很快,物流
1230,_,不错,整体
2145,速度,很快,物流
2145,_,不错,整体
335,_,很保湿,功效
335,_,有点油,使用体验
335,_,不提亮肤色,功效
336,物流,给了,物流
336,_,很好,整体
336,_,不错,整体
1529,物流,给了,物流
1529,_,很好,整体
1529,_,不错,整体
337,价钱一样。但是比~的速度,快,物流
338,_,有点干,使用体验
339,送货,很快,物流
339,_,不错,整体
340,_,很好,整体
340,_,很喜欢,整体
341,_,粉粉嫩嫩的,使用体验
341,_,非常滋润,使用体验
341,_,一点不干,使用体验
341,_,不油腻,使用体验
341,_,很自然,功效
342,泡沫,很多,使用体验
342,_,不干,使用体验
342,_,挺滋润的,使用体验
342,_,超级划算,价格
343,发货速度,快,物流
343,发货速度,快,物流
343,_,很实惠,价格
344,_,温和,使用体验
344,_,不紧绷,使用体验
345,包装颜值,超级高,包装
345,物流,超级快,物流
345,_,太满意,整体
346,补水,不错,功效
346,_,非常平价,价格
347,酒精味,_,气味
348,_,还可以,整体
348,_,还不错,整体
349,_,白白的,功效
349,_,会掉皮,使用体验
350,_,还不错,整体
351,_,没什么,整体
352,_,很不错,整体
353,_,还算可以,价格
354,持久性,可以,功效
354,_,涂厚,其他
354,_,有点黏黏,使用体验
354,持久情况,_,功效
355,味道,很好闻,气味
355,_,还好,整体
356,价格,实惠,价格
356,_,还不错,整体
356,_,挺好用的,整体
357,保湿效果,非常好,功效
358,_,不错,整体
359,_,很薄,使用体验
359,_,很水润,使用体验
359,_,不过敏,使用体验
360,_,可以,整体
360,_,不错,整体
360,_,很清爽,使用体验
360,_,不油腻,使用体验
361,味道,淡淡的,气味
361,_,不辣眼睛,使用体验
361,_,挺好用的,整体
362,_,还是油,使用体验
363,_,不错,整体
364,补水效果,非常好,功效
365,快递,很给力,物流
366,_,还可以,整体
367,片数,超多,其他
367,_,挺好的,整体
368,_,挺好用的,整体
369,_,不错,整体
369,_,货真价实,整体
370,_,挺好用的,整体
371,物流,快,物流
371,颜色,好,其他
371,_,物超所值,整体
371,_,正品,真伪
371,赠品,_,价格
372,包装,很好,包装
372,物流,很快,物流
372,_,不错,整体
372,_,物美价廉,价格
373,快递,真的好快,物流
374,_,非常好,整体
374,_,喜欢,整体
375,到货速度,快,物流
376,精华,挺多的,成分
376,_,很好,整体
376,_,挺薄的,使用体验
376,_,很舒服,使用体验
377,价格,实惠,价格
378,_,很保湿,功效
378,_,很棒,整体
379,提亮效果,还不错,功效
380,_,还好,整体
380,_,新鲜的,使用体验
380,日期,_,新鲜度
381,_,不错,整体
382,_,很好用,整体
382,_,赞,整体
383,_,比较自然,功效
384,味道,香香的,气味
384,快递,很给力,物流
384,_,超喜欢,整体
385,_,挺滋润的,使用体验
385,_,很服帖,使用体验
385,_,很滋润,使用体验
386,_,可以的,整体
386,_,很好用,整体
387,控油效果,没话说,功效
388,_,很喜欢,整体
388,_,好,整体
389,_,超级润,使用体验
389,_,喜欢,功效
390,_,太好用,整体
391,_,还好,整体
392,价格,实惠,价格
392,_,非常的好用,整体
392,_,轻薄,使用体验
392,_,不油腻,使用体验
392,_,非常容易上妆,功效
393,质地,滋润,使用体验
393,_,很自然,功效
393,_,保湿,功效
393,_,淡淡香味,气味
394,_,很好用,整体
394,_,很喜欢,整体
395,_,好干净,功效
395,_,不紧绷,使用体验
396,补水功能,强大,功效
396,_,跟绵,使用体验
397,保湿效果,确实不错,功效
398,_,醉了,整体
398,快递,_,物流
399,快递,很给力,物流
399,包装,很好,包装
400,_,很好用,整体
400,_,很喜欢,整体
401,_,挺好的,整体
401,_,好用,整体
402,_,非常舒服,使用体验
402,_,不会特别拔干,使用体验
403,_,好很好,整体
403,_,非常好,整体
403,_,非常好,整体
404,活动,很划算,价格
404,_,超级好用,整体
405,_,差,整体
406,_,好评,整体
407,补水效果,相当不错,功效
407,精华液,特别多,成分
407,_,喜欢,整体
408,_,不错,整体
409,_,物美价廉,价格
410,_,不错,整体
410,_,非常清爽,使用体验
410,_,不油腻,使用体验
411,物流,很快,物流
411,_,不错,整体
411,活动,_,价格
412,价格,很实惠,价格
412,_,还可以,整体
1659,价格,很实惠,价格
1659,_,还可以,整体
413,_,很划算,价格
413,_,非常实用,整体
414,_,非常喜欢,整体
414,_,正品,真伪
415,_,非常好用,整体
416,价格,实惠,价格
416,_,挺好的,整体
416,_,挺好用的,整体
417,_,是正品,真伪
417,_,正品，看着很不错,真伪
418,_,很不错,整体
418,_,方便,使用体验
419,_,很小罐,包装
420,补水效果,很好,功效
420,_,很喜欢,整体
421,_,非常不错,整体
422,_,非常适合,整体
422,_,均衡肤色,功效
423,精华,挺多的,成分
423,_,蛮好的,整体
424,味道,好闻,气味
424,_,挺好,整体
424,_,不错,整体
426,_,物美价廉,价格
426,_,便宜,价格
426,_,实惠,价格
427,酒精味,浓,使用体验
428,快递小哥服务,很不错,物流
429,_,挺喜欢,整体
429,_,好评,整体
430,物流,快,物流
430,_,比较清爽,使用体验
430,_,不油腻,使用体验
431,_,挺不错的,整体
432,物流,超级给力,物流
432,_,非常快,物流
432,_,非常不错,整体
433,_,还不错,整体
434,_,很好用,整体
435,_,很好用,整体
436,_,挺不错的,整体
437,_,很不错,整体
438,_,不油腻,使用体验
438,_,好评,整体
438,_,有点贵,价格
439,_,很好,整体
439,_,很香,气味
439,_,很喜欢,整体
439,_,很棒,整体
440,精华,挺充足的,成分
440,_,还可以,整体
441,_,很好用,整体
441,_,很干净,功效
441,_,不紧绷,使用体验
442,_,很好用,整体
443,_,超级大赞,整体
443,_,优惠,价格
443,_,超级划算,价格
444,味道,特别好闻,气味
444,_,非常好用,整体
444,_,细腻,使用体验
444,_,白皙,功效
445,_,很喜欢,整体
446,精华,很多,成分
446,_,非常好用,整体
446,_,超棒,整体
447,物流,很快额,物流
447,_,挺好的,整体
448,_,还可以,整体
448,_,挺好的,整体
449,_,喜欢,整体
449,_,五分好评,整体
450,_,还可以,整体
450,_,挺补水的,功效
451,_,不错,整体
451,_,很好用,整体
452,保质期,_,新鲜度
453,物流,很快,物流
453,_,显白,功效
453,_,有点干,使用体验
454,_,满心欢喜,整体
455,速度,快,物流
455,_,很好,整体
456,快递速度,很快,物流
456,_,不错,整体
457,隔离效果,好,功效
457,_,温和,使用体验
457,_,不刺激,使用体验
457,_,易卸,功效
458,物流,挺快的,物流
458,_,挺好的,整体
459,_,挺好用的,整体
459,赠品,_,价格
460,_,不错,整体
460,_,很好,整体
461,_,很喜欢,整体
462,_,不错,整体
463,_,不像正品,真伪
464,配送,蛮快的,物流
465,化学物质,太多,成分
465,_,刺痛,使用体验
465,_,过敏了,使用体验
466,香味,淡淡的,气味
466,配送人员服务态度,好,物流
466,_,还不错,整体
467,_,特别好用,整体
467,_,很喜欢,整体
468,_,柔和多泡,使用体验
468,_,保湿,功效
468,_,不干,使用体验
468,_,很喜欢,整体
469,_,挺好用的,整体
470,快递,杠杠滴,物流
471,_,是正品,真伪
471,_,特好用,整体
472,_,会刺痛,使用体验
473,_,还不错,整体
474,_,还不错,整体
474,_,很补水,功效
475,_,很划算,价格
476,_,太油了,使用体验
477,快递小哥,_,物流
478,赠品,_,价格
479,_,润润的,使用体验
479,_,易吸收,使用体验
479,_,很舒服,使用体验
479,香味,_,气味
481,上妆效果,干,功效
481,_,差,整体
482,物流,就是快,物流
482,_,好很多,整体
482,_,赞一个,整体
483,_,真心不错,整体
484,吸收,挺快的,使用体验
484,_,挺好用的,整体
485,_,唉不好,整体
485,_,过敏,使用体验
486,_,挺好,整体
487,服务态度,很好,服务
487,_,水水的,使用体验
487,_,挺好,整体
488,活动,很划算,价格
488,_,很好用,整体
489,_,不错,整体
489,_,超值,价格
490,_,特别好,整体
490,_,非常喜欢,整体
491,包装,破烂,包装
492,包装,不错,包装
492,送货,快,物流
492,香味,淡淡的,气味
492,价钱,合理,价格
492,_,很好,整体
492,_,容易上色,功效
492,_,很自然,功效
492,_,不会浮粉,使用体验
493,_,便宜,价格
494,_,还好,整体
495,_,还行,整体
496,_,很好用,整体
497,_,很好用,整体
498,_,还不错,整体
499,_,是正品,真伪
499,_,很好,整体
500,酒精味,重,气味
500,_,黏黏的,使用体验
500,_,不舒服,使用体验
501,_,正好,整体
501,活动,_,价格
501,活动,_,价格
502,_,可以啊,整体
502,_,提好用,整体
503,_,少量涂,使用体验
503,_,很好用,整体
504,_,还不错,整体
505,_,确实不错,整体
506,_,很好用,整体
506,_,滑滑的,使用体验
507,保湿效果,不错,功效
507,_,很好用,整体
507,_,细腻,使用体验
508,_,是正品,真伪
508,_,便宜,价格
509,_,不错,整体
509,_,喜欢,整体
510,_,不错,整体
511,_,还不错,整体
511,_,很不错,整体
512,_,好用,整体
513,_,清爽爽,使用体验
513,_,不油腻,使用体验
513,_,很好用,整体
514,包装,很满意,包装
514,物流,很快,物流
514,_,很好用,整体
515,物流,快,物流
515,配送员服务,好,物流
515,_,比较优惠,价格
515,包装,_,包装
803,物流,快,物流
803,配送员服务,好,物流
803,_,比较优惠,价格
803,包装,_,包装
516,_,好用,整体
517,_,挺好的,使用体验
517,_,很实惠,价格
518,_,真棒,整体
518,_,满意,整体
519,包装,真的不好,包装
519,_,还不错,整体
520,_,不了,使用体验
521,泡沫,很爱,使用体验
521,泡沫,很细腻,使用体验
521,味道,很好闻,气味
521,_,很温和,使用体验
521,_,是正品,真伪
522,_,假的,真伪
522,_,订不了妆，防不了水,功效
523,塑料味,_,气味
524,_,很好,整体
525,_,很喜欢,整体
526,_,很方便,使用体验
527,_,没有什么用，用了几次不敢用,整体
528,味道,很好,气味
528,_,容易推开,使用体验
529,_,便宜,价格
529,_,很好,整体
529,_,不过敏,使用体验
529,_,好用,整体
530,_,很自然,功效
530,_,不错,整体
531,祛痘印效果,不错,功效
531,价位,_,价格
532,价格,实惠,价格
532,性价比,不错,价格
532,_,还不错,整体
533,_,挺好的,整体
533,_,很正,其他
533,_,方便,其他
534,_,好评,整体
535,_,降价,价格
535,_,垃圾,整体
536,味道,可以,气味
536,_,还行,整体
536,_,不是很白,功效
537,性价比,非常高,价格
537,物流,非常快,物流
538,遮暇,一般,功效
538,_,不错,整体
538,_,较自然,功效
539,_,太温和了,使用体验
539,_,滑滑的,使用体验
540,收货,不错,物流
540,_,不错,整体
540,_,挺好的,整体
541,补水,保湿,功效
541,_,清爽,使用体验
541,_,不油腻,使用体验
542,_,巨坑,整体
543,补水,不错,功效
543,_,挺好用的,整体
544,包装,很简陋,包装
545,补水效果,不错,功效
545,礼物,许多,价格
546,_,是正品,真伪
546,_,实惠,价格
547,_,很满意,整体
547,_,很实惠,价格
548,物流,_,物流
549,物流,值得信赖,物流
549,_,很满意,整体
550,清洁能力,差,功效
550,香味,太浓,气味
550,_,不好,整体
550,_,会过敏,使用体验
551,_,物廉价,价格
551,_,优惠,价格
552,味道,很难形容,气味
552,_,很讨厌,整体
553,上装,很自然,包装
553,_,很好用,整体
553,_,不卡粉,使用体验
553,_,白了一个度,功效
553,_,滑滑的,使用体验
553,_,很喜欢,整体
554,_,还不错,整体
554,_,挺滋润,使用体验
555,包装,很精致,包装
555,_,挺好的,整体
696,包装,很精致,包装
696,_,挺好的,整体
556,快递,很快,物流
556,_,很好,整体
557,_,很好用,整体
558,_,不错,整体
559,_,不怎么好用,整体
559,_,不好,整体
560,精华,很多,成分
560,_,很舒服,使用体验
561,吸收,挺好,使用体验
568,_,_,_
563,_,补水,功效
564,_,不错,整体
565,包装,很不错,包装
565,_,还可以,整体
566,_,不怎么的好,整体
567,_,挺好的,整体
567,_,调整肤色,功效
567,_,蛮好用,整体
567,_,大点,气味
567,_,不错,整体
567,味道,_,气味
568,_,不是很白,功效
568,_,不是遮暇,功效
568,_,太差劲了,整体
569,味道,比较大,气味
570,_,很不错,整体
571,味道,很大,气味
571,_,不好用,整体
571,_,没有泡泡,使用体验
571,_,洗不干净,功效
572,气味,很清香,气味
572,_,很好,整体
572,_,不错,整体
572,_,很适用,整体
573,_,好划算,价格
574,_,不敢用,整体
574,_,就,整体
575,_,蛮好的,整体
576,泡沫,细腻,使用体验
576,清洁能力,强,功效
576,_,非常的好用,整体
576,_,温和,使用体验
576,_,不刺激,使用体验
576,_,大爱,整体
577,持妆效果,还可以,功效
577,_,挺干的,使用体验
578,_,特别好用,整体
579,_,不错,整体
580,_,挺不错身,整体
581,保湿效果,很好,功效
581,_,好用,整体
581,_,滑滑的,使用体验
582,_,很满意,整体
582,_,非常高兴,整体
582,_,很不错,整体
583,透气,好,使用体验
583,_,无不适感,使用体验
583,_,满意,整体
584,_,比较便宜,价格
584,_,粗糙,整体
584,盒装,_,包装
584,盒子,_,包装
585,_,很好,整体
585,_,很喜欢,整体
586,_,很不错,整体
587,持久情况,还好,功效
587,_,挺香的,气味
588,_,是正品,真伪
589,补水效果,好,功效
589,_,好用,整体
589,_,特别润,使用体验
590,包装,比较高大上,包装
590,包装,太土了,包装
591,_,好用,整体
591,_,不刺激,使用体验
592,包装,很漂亮,包装
592,_,不错,整体
592,_,高,其他
592,颜值,_,包装
593,保湿效果,不错,功效
594,快递小哥,飞快,物流
594,_,挺细腻,使用体验
594,速度,_,物流
595,_,好评,整体
596,_,很好,整体
597,_,不敢用,整体
598,隔离效果,不好,功效
598,_,挺白的,功效
599,_,可以,整体
599,_,挺好的,整体
600,_,喜欢,整体
600,_,不油腻,使用体验
600,_,细腻,使用体验
600,_,均匀,使用体验
600,_,很自然,功效
600,_,大爱,整体
601,_,还不错,整体
601,_,很自然,功效
601,_,很香,气味
601,赠品,_,价格
608,_,_,_
603,保湿效果,真的不错,功效
603,_,很舒服,使用体验
603,_,真心不错,整体
604,_,非常不错,整体
604,_,很自然,功效
604,_,保湿,功效
605,_,好用,整体
605,_,很自然,功效
605,_,耐用,整体
605,_,好评,整体
606,_,非常好,整体
606,_,非常快,物流
606,_,非常值,价格
607,_,不错,整体
607,_,方便,其他
608,精华,很多,成分
608,价格,实惠,价格
608,_,挺好,整体
608,_,很补水,功效
609,精华,少了点,成分
609,_,超级好,整体
609,_,很好闻,气味
609,_,喜欢,整体
610,包装,_,包装
611,价格,有点贵,价格
612,_,还不错,整体
613,_,不错,整体
613,_,超级好用,整体
614,味道,好闻,气味
614,_,还可以,整体
615,_,还不错,整体
616,_,很喜欢,整体
617,价格,好划算,价格
617,补水效果,挺好的,功效
618,浮粉,严重,使用体验
618,_,不好用,整体
619,_,很好,整体
620,外包装,挺好看的,包装
620,_,还不错,整体
621,_,特优惠,价格
622,保湿效果,非常好,功效
623,_,不错,整体
624,_,划算,价格
624,_,很舒服,使用体验
624,_,很推荐,整体
625,_,很好用,整体
625,_,不干,使用体验
626,香味,浓郁,气味
627,活动,物美价廉,价格
627,物流,非常满意,物流
628,速度,一个快,物流
628,_,很不错,整体
629,物流,快捷,物流
629,包装,到位,包装
629,_,给力,物流
629,_,严实,包装
630,_,是不是正品,真伪
630,包装,_,包装
631,_,特别服帖,使用体验
632,_,便宜很多,价格
633,_,好小,尺寸
633,_,量太少了,其他
634,味道,_,气味
635,遮瑕,一般,功效
635,_,不错,整体
635,_,拔干,使用体验
636,_,很好,整体
637,送货速度,快,物流
637,小哥服务,好,物流
637,_,水水的,使用体验
637,_,润润的,使用体验
637,快递,_,物流
638,_,非常棒,整体
638,_,很满意,整体
639,水润度,还不错,使用体验
640,_,偏油,使用体验
640,_,不推荐,整体
641,_,不错,整体
642,_,还不错,整体
643,_,不错,整体
644,_,过敏了,使用体验
645,_,非常喜欢,整体
646,_,是正品,真伪
646,_,不错,整体
647,_,很舒服,使用体验
648,包装,没封口,包装
649,_,很好,整体
650,_,真心好用,整体
651,_,很好,整体
652,泡沫,丰富,使用体验
652,清洁力,强,功效
653,活动,很划算,价格
653,_,挺好用的,整体
654,味道,淡淡的,气味
654,_,不起沫,使用体验
654,_,有点滑,使用体验
655,_,不错,整体
656,保湿效果,不错,功效
656,_,挺好用的,整体
656,_,挺好的,整体
657,_,挺保湿的,功效
657,_,不怎么干,使用体验
658,_,不错,整体
659,_,正品,真伪
660,_,还不错,整体
660,_,还可以,整体
661,包装,很好,包装
661,物流,快,物流
662,_,很好,整体
662,_,非常不错,整体
663,泡沫,多,使用体验
663,_,挺好的,整体
663,_,还保湿,功效
664,_,便宜,价格
665,保湿效果,很好,功效
665,_,很贴合,使用体验
665,_,优惠,价格
666,_,很好用,整体
667,物流,快,物流
667,_,很棒的,整体
667,_,不刺激,使用体验
668,_,还不错,整体
668,_,很细,使用体验
669,_,很不错,整体
669,_,满意,整体
670,快递,挺快的,物流
670,_,挺大,其他
671,补水效果,棒,功效
671,精华,比较多,成分
671,_,好用,整体
671,_,不错,整体
672,_,很好,整体
672,_,很满意,整体
673,气味,还好,气味
673,_,便宜一些,价格
673,_,优惠一点,价格
674,_,不好用,整体
675,_,很划算,价格
675,_,很舒服,使用体验
676,包装,完整,包装
676,价格,实惠,价格
676,快递,很快,物流
676,赠品,多,价格
676,_,方便,使用体验
677,_,不错,整体
677,_,划算,价格
678,_,很喜欢,整体
679,保湿,还行,功效
679,价钱,优惠,价格
679,_,不卡粉,使用体验
680,速度,超快,物流
680,快递小哥,超级暖心,物流
681,活动,超值,价格
682,_,挺好的,整体
683,_,很轻薄,使用体验
683,_,不浮粉,使用体验
684,_,还行,整体
684,_,比较粘,使用体验
684,_,便宜,价格
685,遮瑕效果,不错,功效
685,颜色,很提亮,功效
685,_,挺好用的,整体
686,_,非常好,整体
686,_,很薄,使用体验
686,_,很舒服,使用体验
687,_,很好用,整体
688,活动,很优惠,价格
688,_,很好,整体
688,_,很好用,整体
688,价格,_,价格
689,_,还不错,整体
690,物流,很快,物流
690,_,不错,整体
691,物流,真是快,物流
691,_,不错,整体
692,遮暇效果,非常不错,功效
692,_,很好用,整体
693,_,便宜,价格
693,_,好用,整体
1657,_,便宜,价格
1657,_,好用,整体
694,_,特别好用,整体
695,活动,实惠,价格
697,上妆,比较贴,使用体验
697,_,好评,整体
698,_,5星好评,整体
699,_,不好用,整体
699,_,失望,整体
700,_,好用的，瓶子超级好看,包装
701,_,很好,整体
701,_,很不错,整体
701,_,好评,整体
702,活动力度,可以的，比起女朋友平时去店里买划算很多,价格
702,_,划算很多。用着也还可以,价格
703,_,假的,真伪
703,_,假的,真伪
703,_,假的,真伪
703,臭塑料味,_,气味
704,物流速度,真是快,物流
705,补水效果,不错,功效
705,物流,挺快的,物流
706,_,不错,整体
706,_,满意,整体
707,_,还不错,整体
708,精华液,很卵,成分
708,_,很好,整体
708,_,很服贴,使用体验
709,补水效果,_,功效
710,_,挺好的,整体
710,_,很划算,价格
711,物流,很快,物流
711,_,好,整体
712,_,挺好用,整体
712,_,挺干净的,功效
713,_,不错,整体
714,物流,超快,物流
714,_,不错,整体
715,补水效果,还不错,功效
716,泡沫,细腻,使用体验
716,_,凉凉的感觉，洗完滑滑滴,使用体验
716,_,滑滑滴，还算满意,使用体验
717,_,挺好的,整体
717,_,改变肤色,功效
718,_,不好,整体
718,_,过敏了,使用体验
719,美白效果,不错,功效
719,_,超实惠,价格
719,_,不油腻,使用体验
719,_,挺好的,整体
719,_,挺好,整体
726,_,_,_
721,_,清爽,使用体验
721,_,不适合,整体
721,_,长痘痘,使用体验
722,_,一般,整体
732,_,一般,整体
999,_,一般,整体
723,_,还不错,整体
724,_,好评,整体
724,_,挺好用的,整体
724,_,不过敏,使用体验
725,发货,快,物流
725,价钱,便宜,价格
725,_,是正品,真伪
726,补水,保湿面部,功效
726,_,遮瑕,功效
726,_,很好用,整体
727,精华,少了点,成分
727,_,还可以,整体
728,_,很好用,整体
729,_,真心的不错,整体
730,_,一般,整体
730,_,有点涩,使用体验
730,_,不好梳通,使用体验
731,_,很不错,整体
731,_,很喜欢,整体
733,性价比,高,价格
733,_,很好用,整体
733,_,细腻,使用体验
733,_,光滑,使用体验
733,_,水润,使用体验
734,_,还好吧,整体
734,_,便宜,价格
734,_,很划算,价格
734,_,还不错,整体
735,物流,挺快,物流
736,_,差评,整体
737,水分,很足,成分
737,物流,快,物流
737,_,很不错,整体
737,_,很实惠,价格
738,_,非常喜欢,整体
738,_,很满意,整体
739,_,挺满意的,整体
740,补水效果,不错,功效
741,物流,很快,物流
741,_,很划算,价格
742,清洁能力,好用,功效
742,_,好用,整体
743,味道,好闻,气味
743,_,很不错,整体
744,_,挺好用的,整体
744,_,比较好,功效
745,_,不错,整体
746,发货速度,挺快,物流
747,防晒效果,挺好推开的，至于防晒效果就不太清楚,功效
747,_,一丢丢的油，但是挺好推开,使用体验
747,_,不太清楚了,功效
748,礼品,_,价格
749,_,很好,整体
749,_,是正品,真伪
750,送货,非常快,物流
750,服务,好,服务
750,性价比,很高,价格
750,_,很不错,整体
751,_,还好,整体
751,_,蛮清爽,使用体验
752,价格,便宜,价格
752,物流速度,快,物流
752,_,很喜欢,整体
753,_,还好,整体
754,_,很快,物流
754,_,很方便,整体
754,_,实惠,价格
754,_,很好,整体
755,_,没有用,整体
755,_,好,整体
756,_,好用,整体
757,快递,点个赞,物流
757,质量,杠杠滴,其他
757,_,超级快,物流
757,_,很不错,整体
757,_,棒棒哒,整体
758,_,还可以,整体
759,活动,实惠,价格
759,_,不错,整体
760,活动,给力,价格
761,包装,很好,包装
761,_,温和不刺激,使用体验
761,_,不错,整体
762,_,确实不错,整体
763,_,还还好,整体
763,_,便宜,价格
764,发货,很快,物流
764,_,超级好听,气味
764,_,很不错的,整体
765,活动,很值,价格
765,_,超级赞,整体
766,_,好用,整体
767,_,不错,整体
768,_,已用,整体
768,_,好用,功效
768,_,不错,整体
769,味道,喜欢,气味
769,_,很喜欢,整体
770,物流,很快,物流
770,隔离效果,很棒,功效
778,_,_,_
772,_,太棒了,整体
772,_,大爱,整体
772,提亮肤色,_,功效
773,_,还不错,整体
773,_,方便,其他
774,价格,实惠,价格
774,送货,快,物流
774,_,好,物流
774,保障服务,_,服务
775,味道,特别刺鼻,气味
775,_,不好用,整体
775,_,不好用,整体
775,_,不好用,整体
775,_,难闻到爆,气味
776,_,挺水润,使用体验
777,_,一点都不好,其他
777,味道,_,气味
778,保湿效果,很好,功效
778,_,好用,整体
778,_,喜欢,整体
779,颜色,喜欢,气味
779,_,很自然,功效
779,_,很贴妆,使用体验
779,_,自然,功效
780,_,便宜,价格
781,_,真心不错,整体
782,补水效果,很不错,功效
783,补水效果,挺不错的,功效
783,快递,快,物流
784,瓶子,挺喜欢的，瓶子很好看,包装
784,_,挺好的,整体
784,_,很好看，用着也挺舒服的,包装
784,_,挺舒服的，感觉还不错,使用体验
785,_,服帖,使用体验
786,_,很干,使用体验
786,_,很干,使用体验
786,_,不值,整体
787,速度,很快,物流
787,_,还不错,整体
788,_,挺好用的,整体
789,_,不好,整体
790,_,不错,整体
790,_,不是太干,使用体验
798,_,_,_
792,_,淡淡的,气味
793,_,过敏,使用体验
794,味道,香香的,气味
794,外观,特别漂亮,包装
795,补水效果,真的好,功效
795,物流,很快,物流
795,_,非常满意,整体
796,_,很适合,整体
797,_,快,物流
798,祛斑效果,不大,功效
798,补水,真的不错,功效
798,_,很不错,整体
798,_,补水,功效
799,_,还不错,整体
800,盒子,很好看,包装
801,香味,淡淡的,气味
801,价格,很美丽,价格
801,_,很好,整体
802,_,很好,整体
802,_,很舒服,使用体验
804,价格,实惠,价格
804,_,挺好的,整体
805,_,挺好用的,整体
805,_,还可以,整体
806,_,挺合适,整体
807,_,很好,整体
808,_,好评,整体
809,味道,淡淡的,气味
809,_,很好,整体
809,_,喜欢,整体
809,_,喜欢,气味
810,补水效果,不错,功效
810,_,非常好用,整体
810,_,很薄,使用体验
811,_,还不错,整体
812,上妆,挺容易,功效
812,物流,很快,物流
812,_,挺好用的,整体
812,_,比较水润,使用体验
813,活动,很划算,价格
814,包装,完好,包装
815,快递,那么值得表扬,物流
815,快递,_,物流
816,物流,太给力了,物流
816,_,超级快,物流
816,清洁能力,_,功效
817,_,不错,整体
817,_,很温和,使用体验
817,_,不刺激,使用体验
818,补水效果,棒棒哒,功效
818,_,好用,整体
819,活动价,实惠,价格
820,_,还不错,整体
821,_,很好,整体
821,_,很服帖,使用体验
822,_,很喜欢,整体
823,_,很好用,整体
824,_,不错,整体
824,_,非常满意,整体
825,_,太开心了,整体
826,均匀肤色,不遮暇,功效
826,_,不错,整体
826,_,很好推开,使用体验
826,_,细腻,使用体验
826,_,很好的,功效
826,_,棒棒哒,整体
827,速度,挺快,物流
827,快递员,_,物流
828,补水效果,挺好的,功效
829,物流,很快,物流
829,小哥,很好,物流
830,_,是正品,真伪
831,_,还可以,整体
831,_,有点点油,使用体验
832,乳液，一点泡泡,洗越油，感觉像乳液，一点泡泡都没有,使用体验
832,_,越洗越油,使用体验
832,_,没有！以为十年老店应该不会差,使用体验
832,_,不会差，感觉买了一堆垃圾,整体
833,_,是正品,真伪
833,_,挺好的,整体
834,成膜,比较慢,使用体验
834,_,挺好的,整体
834,_,好用,整体
835,吸收情况,容易吸收,使用体验
835,性价比,高,价格
835,保湿,一般,功效
835,_,很好推开,使用体验
835,保湿程度,_,功效
836,_,很喜欢,整体
836,_,还不错,整体
837,_,很好,整体
838,上妆效果,挺好的,功效
838,_,还行,整体
839,包装,还可以,包装
840,_,超级好用,整体
840,活动价,_,价格
841,泡泡,比较少,使用体验
841,_,还行吧,整体
841,_,太香了,气味
841,_,不太喜欢,气味
842,物流,蛮快的,物流
842,_,不错,整体
843,_,超级好用,整体
843,_,不干,使用体验
843,_,香香的,气味
844,_,很不错,整体
844,_,是正品,真伪
845,物流,超级快,物流
845,_,5星好评,整体
845,_,很划算,价格
845,_,便宜,价格
845,_,好评,整体
846,_,很实惠,价格
847,保湿,挺好的,功效
847,快递,很快,物流
847,_,不错,整体
848,活动,挺划算的,价格
849,_,发错了。没收到,整体
850,_,滑滑的,使用体验
850,_,还不错,整体
851,_,很好用,整体
851,_,棒棒哒,整体
852,_,不是特别油腻,使用体验
852,_,轻薄,使用体验
852,_,好上妆,使用体验
853,_,不错,整体
853,_,随便用用不错,使用体验
854,保湿效果,挺好的,功效
854,_,是正品,真伪
855,包装,挺好的,包装
855,_,是正品,真伪
856,_,还可以,整体
856,_,比较满意,整体
857,_,还不错,整体
857,_,很好的,整体
858,_,正品,真伪
858,_,很好,整体
859,_,保湿,功效
859,_,很好用,整体
859,_,划算,价格
860,_,有点油,使用体验
860,_,散粉就很棒啦！防摩擦真的很贴心,使用体验
861,快递,_,物流
861,送货员,_,物流
861,快递,_,物流
862,_,好油,使用体验
863,_,很好用,整体
863,_,喜欢,整体
864,_,挺保湿的,功效
864,_,有点黏腻,使用体验
865,_,香香的,气味
865,_,挺好用,整体
865,_,不是很贵,价格
866,_,还可以,整体
866,_,不能遮暇,功效
867,赠品,好超值,价格
867,_,很喜欢,整体
867,_,很喜欢,整体
867,_,不错,整体
868,_,非常好用,整体
869,_,不错,整体
870,_,还不错,整体
870,_,正品,真伪
870,_,便宜,价格
871,补水效果,非常好,功效
871,精华,很多,成分
871,_,水嫩嫩的,使用体验
871,_,光滑,使用体验
871,_,很保湿,功效
871,_,不刺激,使用体验
872,包装,精美,包装
872,_,挺好的,整体
872,_,漂亮,包装
872,_,正品,真伪
873,客服,很贴心,服务
873,_,五星好评,整体
873,_,特别好,整体
874,味道,清香,气味
874,_,细腻,使用体验
874,_,柔滑,使用体验
875,_,最便宜,价格
876,_,挺好用的,整体
876,_,挺多的,其他
877,_,很喜欢,整体
878,_,不错,整体
878,_,很轻薄,使用体验
879,保湿,不错,功效
879,活动,_,价格
879,补水,_,功效
880,_,真心不错,整体
880,_,很服帖,使用体验
880,_,超级划算,价格
881,面膜纸,非常贴,使用体验
881,精华,好多,成分
881,_,非常好,整体
881,_,很好用,整体
881,_,补水,功效
882,_,大爱,整体
882,_,非常喜欢,整体
883,送货,很高效,物流
884,_,还可以,整体
884,_,超舒服,使用体验
885,_,还不错,整体
885,_,非常实惠,价格
886,_,刚好用,整体
886,_,好用,整体
887,_,好用,整体
887,_,遮瑕,功效
887,_,自然,功效
888,快递速度,这么快,物流
888,价格,这么实惠,价格
889,_,还行,整体
889,_,亲民价格,价格
889,活动,_,价格
890,_,很满意,整体
897,_,_,_
892,_,很好,整体
893,_,很愉快,使用体验
894,_,好用,整体
895,_,好用,整体
896,_,不错,整体
897,_,很好用,整体
897,_,很喜欢,整体
898,_,简简单单没有泡沫给人洗不干净,使用体验
899,_,挺好,整体
899,_,太喜欢,整体
900,_,非常滋润,使用体验
901,活动,物美价廉,价格
901,_,五星好评,整体
902,_,按压方便,使用体验
902,_,挺好,其他
902,_,水不刺激,使用体验
902,_,挺干净的,功效
902,_,喜欢,整体
903,_,很快,物流
903,_,还不错,整体
904,_,香香的,气味
904,_,很满意,整体
905,快寄,很给力,物流
906,_,好用,整体
906,_,是正品,真伪
906,_,超划算,价格
907,精华,很多,成分
907,_,很保湿,功效
908,物流,快,物流
908,_,超喜欢,整体
908,_,超级满意,整体
908,_,好,整体
909,收货,很及时,物流
909,_,很适合,其他
910,_,不错,整体
910,_,美美哒,整体
911,酒精味,太重,气味
911,_,有点油,使用体验
911,_,很好,整体
912,_,特别的不错,整体
912,_,很优惠,价格
912,_,优惠很多,价格
912,活动,_,价格
913,_,很好,整体
914,_,还不错,整体
915,快递,真是神速,物流
915,活动,优惠很多,价格
915,_,太给力,整体
916,_,不好用,整体
916,_,抹不开,使用体验
916,提亮肤色,_,功效
917,_,真心不错,整体
918,_,还不错,整体
919,味道,没错,气味
919,瓶盖,碎了,包装
919,_,是正品,真伪
920,_,是正品,真伪
920,_,好用,整体
921,_,还可以,整体
921,香料,_,气味
922,快递,很给力,物流
923,保湿效果,还不错,功效
923,_,还不错,整体
924,补水效果,很好,功效
924,活动,很实惠,价格
924,_,好用,整体
925,味道,不错,气味
925,_,挺好的,整体
925,_,挺保湿,功效
926,味道,好,气味
926,_,挺好,整体
926,_,不过敏,使用体验
926,_,补水,功效
927,_,很好,整体
927,_,非常喜欢,整体
927,_,准没错,整体
928,_,一如既往的好,整体
929,_,喜欢,整体
930,_,小小,尺寸
931,物流,快,物流
932,味道,比较奇怪,气味
932,_,非常好吸收,使用体验
932,_,轻微的黏腻感，是可以接受的程度了，非常非常轻微,使用体验
933,到账速度,快,物流
934,_,不好用,整体
934,_,卡粉,使用体验
935,_,还可以,整体
936,性价比,_,价格
937,精华,很多,成分
937,_,很服帖,使用体验
937,_,很好用,成分
937,_,不过敏,使用体验
938,_,不好用,整体
1928,_,不好用,整体
939,保湿效果,很好,功效
939,_,比较干,使用体验
940,_,长逗,使用体验
940,_,还不错,整体
940,_,自然,功效
941,价格,确定好，价格还便宜,价格
942,价格,便宜,价格
942,_,一般,整体
943,保护措施,挺好,功效
943,_,挺好吸收,使用体验
943,_,不油腻,使用体验
943,_,没有损毁,服务
944,补水效果,不错,功效
945,补水效果,不错,功效
945,包装,好看,包装
945,膜布,很柔软,使用体验
945,精华,满满的,成分
945,_,很薄,使用体验
946,_,不错,整体
947,_,挺喜欢,整体
947,_,很实惠,价格
947,_,水水美美的,使用体验
948,_,不错,整体
949,_,有点油,使用体验
950,_,还行,整体
950,_,好推开,使用体验
950,_,有点不舒服,使用体验
951,_,Ve,整体
952,_,还不错,整体
952,_,挺舒服的,使用体验
953,_,提亮肤色挺好用的,功效
954,_,不错,整体
954,_,很好,整体
955,速度,快,物流
955,_,很不错,整体
955,_,棒棒哒,整体
955,_,好,物流
956,颜色,不自然,功效
956,_,挺好的,整体
956,定妆,_,功效
957,_,好用,整体
957,_,挺不错,整体
958,快递,还慢,物流
958,_,没有泡沫,使用体验
958,_,不咋地,物流
958,快递,_,物流
958,速度,_,物流
959,泡面,不是很丰富,气味
959,_,还不错,整体
959,_,挺香的,气味
960,_,还不错,整体
961,物流,很快,物流
961,_,很好用,整体
962,_,不错,整体
963,_,挺水嫩的,使用体验
964,_,会卡粉,使用体验
964,_,不自然,功效
965,_,太贵了点,价格
966,浮粉,严重,使用体验
966,颜色,太白,功效
966,_,显毛孔,功效
967,_,很滋润,使用体验
968,_,很好用,整体
969,_,挺好用的,整体
969,_,非常满意,整体
1128,_,挺好用的,整体
1128,_,非常满意,整体
970,_,可以,整体
971,_,挺好用,整体
971,_,棒棒哒,整体
971,赠品,_,价格
972,_,好用,整体
972,_,经济,价格
972,_,实惠,价格
973,_,还不错,整体
973,_,还可以,整体
973,_,便宜,价格
974,_,还可以,整体
974,_,不黏腻,使用体验
975,_,很油,使用体验
975,_,不清爽,使用体验
976,_,没用,整体
977,_,特别好用,整体
977,_,很薄,使用体验
977,_,很舒服,使用体验
978,_,不错,整体
979,_,有点小,尺寸
980,_,还行,整体
981,_,挺温和,使用体验
981,_,还可以,整体
982,_,好用,整体
982,_,不错,整体
983,_,挺好用的,整体
983,_,好评,整体
984,_,良好,整体
984,_,无异常,整体
984,_,喜欢,整体
985,_,很好用,整体
985,_,均匀肤色,功效
985,_,好用,整体
986,卸妆效果,很好,功效
986,_,很满意,整体
987,包装,一般,包装
987,盒子,没有,包装
988,味道,好闻,气味
988,_,很好用,整体
988,_,太划算了,价格
989,_,很好用,整体
990,_,便宜不少,价格
991,_,一如既往的好,整体
992,保湿,很好,功效
992,吸收,特别快,使用体验
992,价格,超值,价格
992,补水效果,_,功效
993,_,好用,整体
993,_,不刺激,使用体验
994,活动,_,价格
995,_,很好用,整体
996,吸收,好,使用体验
996,_,满意,整体
997,_,还可以,整体
998,发货,及时,物流
998,_,那么的好,整体
1000,_,好评,整体
1001,_,好用,整体
1001,_,很划算,价格
1002,_,很喜欢,整体
1002,_,超强大,其他
1002,_,提亮肤色,功效
1002,_,很润,使用体验
1002,_,很服帖,使用体验
1003,_,不是很好用,整体
1004,_,还不错,整体
1004,_,好评,整体
1004,_,很白了,功效
1005,价格,亲民,价格
1005,_,很合适,整体
1005,_,好用,整体
1006,_,不错,整体
1006,_,很好用,整体
1007,_,好很多，补水,功效
1007,_,补水保湿,功效
1007,_,保湿不油腻,功效
1008,效果很好 性价比,高,价格
1008,_,很好,整体
1008,_,很方便,其他
1008,_,不浪费,整体
1009,_,不理想,整体
1010,_,很好用,整体
1010,_,很香,气味
1011,_,滋润,使用体验
1011,_,亮白,功效
1011,_,保湿,功效
1011,_,非常不错,整体
1011,_,喜欢,整体
1012,瓶子,挺精致的,包装
1012,_,不错,整体
1013,快递,很快,物流
1013,_,不错,整体
1014,_,蛮好用的,整体
1014,_,超喜欢,整体
1014,_,超满意,整体
1015,遮瑕效果,挺好,功效
1015,_,挺好用的,整体
1015,_,很细腻,使用体验
1016,_,挺小的,尺寸
1016,_,不易脱妆,使用体验
1016,_,挺自然的！整体感觉不错,功效
1017,_,合适,整体
1018,_,很舒服,使用体验
1019,物流,快,物流
1019,_,好,服务
1020,_,挺划算的,价格
1021,_,好评,整体
1021,_,好用,整体
1022,_,真给力,整体
1022,活动,_,价格
1023,_,物有所值,整体
1024,_,挺好用的,整体
1024,_,实惠,价格
1024,_,还可以,整体
1025,精华,很多,成分
1025,快递员服务,超好,物流
1025,_,赞,整体
1026,提亮效果,好,功效
1026,_,挺好用的,整体
1027,包装,很好,包装
1027,_,无破损,包装
1027,_,很喜欢,整体
1028,清香,淡淡的,气味
1028,_,很好闻,气味
1029,_,非常不错,整体
1029,_,非常好用,整体
1030,_,挺好,整体
1030,_,不卡粉,使用体验
1031,活动,便宜,价格
1031,_,好用,整体
1031,_,物美价廉,价格
1032,_,好失望,整体
1032,保质期,_,新鲜度
1033,_,超级好用,整体
1034,_,不错,整体
1034,_,挺好用的,整体
1034,_,还不错,整体
1035,香精味,廉价的香精味，然后上妆不自然,气味
1035,上妆,不自然卡粉,功效
1036,_,是正品,真伪
1036,_,不错,整体
1037,保湿效果,还行,功效
1037,_,很服帖,使用体验
1037,_,特别划算,价格
1038,快递,好快,物流
1038,精华,很多,成分
1038,_,很好,整体
1039,_,不错,整体
1040,_,特假,真伪
1041,_,水水的,使用体验
1041,_,很保湿,功效
1041,_,很好用,整体
1042,_,很好用,整体
1042,_,真的,真伪
1043,物流,很快,物流
1043,_,很满意,整体
1044,_,正品,真伪
1045,_,非常方便,使用体验
1045,_,挤压的,使用体验
1046,_,清爽,使用体验
1046,_,不油腻,使用体验
1047,包装,完好,包装
1047,清香味,淡淡的,气味
1048,性价比,很高,价格
1048,送货,超级快,物流
1048,_,滋润,使用体验
1048,_,补水,功效
1048,_,保湿,功效
1048,_,不起脂肪粒,使用体验
1049,_,不错,整体
1050,保湿,不是那么好,功效
1050,_,还好,整体
1051,味道,香香的,气味
1051,_,挺喜欢的,整体
1051,_,好评,整体
1052,味道,很清新,气味
1052,泡沫起,_,使用体验
1052,清洁力度,_,功效
1053,_,一般般,整体
1054,_,一般般,整体
1055,_,超赞,整体
1055,_,大爱,整体
1056,优惠活动,太赞了,价格
1057,_,好评,整体
1058,物流,很快,物流
1058,_,挺不错的,整体
1059,发货的速度,_,物流
1060,_,太香了  在手上试了  不是很滋润,使用体验
1061,_,超级好用,整体
1061,补水效果,_,功效
1062,服务态度,很好,服务
1062,_,很满意,整体
1063,_,出汗,使用体验
1063,_,不掉妆,使用体验
1064,粉质,不够细,使用体验
1064,味道,蛮喜欢,气味
1064,提亮的效果,不错,功效
1064,_,不够服帖,使用体验
1065,_,清淡,气味
1065,_,不紧绷,使用体验
1065,_,很舒服,使用体验
1065,_,挺干净,功效
1065,_,不刺激,使用体验
1065,_,还好,整体
1066,_,还不错,整体
1067,_,洗不干净,功效
1067,_,油油的,使用体验
1068,_,非常满意,整体
1069,_,还不错,整体
1070,_,喜欢,整体
1070,_,大爱,气味
1070,_,温和,使用体验
1071,价格,美丽,价格
1072,_,很不错,整体
1073,_,一般,整体
1074,清洁力,不是太好,功效
1074,_,起痘痘,使用体验
1074,_,不适合,整体
1075,赠品,很多,价格
1075,_,还行,整体
1076,_,挺好用的,整体
1077,粉扑,很硬,包装
1077,_,还行,整体
1077,_,不会很白,功效
1077,_,不好用,整体
1078,速度,真无敌了,物流
1079,泡沫,不细腻,使用体验
1079,_,不理想,整体
1079,_,洗不干净,功效
1087,_,_,_
1088,_,_,_
1081,_,还不错,整体
1081,_,是正品,真伪
1082,_,不错,整体
1082,_,新,新鲜度
1082,日期,_,新鲜度
1083,_,一般般,整体
1084,物流,很快,物流
1085,_,还不错,整体
1086,_,还可以,整体
1087,_,好,整体
1088,活动,实惠,价格
1088,_,还不错,整体
1089,_,特持久,功效
1089,_,特别容易干,使用体验
1090,_,特别好,整体
1090,_,特补水,功效
1091,补水,不错,功效
1091,_,很少很安全,其他
1091,_,太粘稠,使用体验
1091,添加剂,_,气味
1091,保湿,_,功效
1092,物流,给力,物流
1092,_,一直在用,整体
1093,_,不错,整体
1094,遮瑕,防晒,功效
1094,_,还不错,整体
1094,_,通透,使用体验
1094,_,不会油油,使用体验
1095,_,轻薄,使用体验
1095,_,舒服,使用体验
1095,_,很好,整体
1096,_,挺好的,整体
1096,_,提亮肤色,功效
1097,性价比,低,价格
1097,_,一般,气味
1097,香味,_,气味
1097,味道,_,气味
1098,_,不错,整体
1099,_,物廉价美,价格
1100,价格,很划得来,价格
1100,_,很清爽,使用体验
1100,_,不错,整体
1101,_,很满意,整体
1102,_,过敏了,使用体验
1103,_,喜欢,整体
1103,_,很好,整体
1103,_,很补水,功效
1103,_,划算,价格
1104,_,非常满意,整体
1105,_,好用的,整体
1106,控油效果,还可以,功效
1106,香味,太香精了,气味
1107,日期,不是近期,新鲜度
1108,_,超级喜欢,整体
1109,_,非常好,整体
1109,_,舒服,使用体验
1109,_,不过敏,使用体验
1109,_,挺实惠的,价格
1110,包装,还可以,包装
1111,_,真的好,整体
1112,_,比较温合,使用体验
1112,_,点赞,整体
1112,新包装,_,包装
1113,物流,好快,物流
1113,服务态度,好,服务
1114,_,挺好的,整体
1114,_,是正品,真伪
1114,_,挺开心,整体
1115,物流,很快,物流
1116,袋子,很漂亮,包装
1116,_,实惠,价格
1117,_,还不错,整体
1117,_,很服帖,使用体验
1118,_,不错,整体
1118,_,挺细腻的,使用体验
1119,香味,淡淡香味，一直用***的，非常好用,气味
1119,_,挺好,整体
1120,质量,还不错,其他
1120,发货速度,快,物流
1120,_,挺喜欢,整体
1121,_,很好的,整体
1121,_,希望是正品,真伪
1122,_,还行,整体
1123,物流,给力,物流
1123,_,相当不错,整体
1123,_,好评,整体
1123,_,超级好评,整体
1124,_,不卡粉,使用体验
1124,_,挺好的,整体
1125,味道,很像,气味
1125,_,很湿润,使用体验
1125,味道,_,气味
1126,_,好评,整体
1126,_,很好,整体
1126,_,很喜欢,整体
1127,_,很不错,整体
1129,_,有点干,使用体验
1130,物流,超级快,物流
1130,_,真心不错,整体
1131,价格,优惠,价格
1131,_,还不错,整体
1131,_,很好用,整体
1131,_,满意,整体
1132,物流,很快,物流
1132,_,还不错,整体
1133,质地,轻薄,使用体验
1133,发货,快,物流
1133,_,满意,整体
1133,_,还不错,整体
1133,持久效果,_,功效
1134,_,棒棒哒,整体
1134,_,棒棒哒,整体
1134,_,棒棒哒,整体
1134,_,轻薄,使用体验
1134,_,透气,使用体验
1135,卸妆效果,还好,功效
1135,_,清爽,使用体验
1135,_,不油腻,使用体验
1136,物流,很快,物流
1136,_,很好用,整体
1137,_,钟爱,整体
1138,_,很好,整体
1138,_,很划算,价格
1139,提亮肤色,很不错,功效
1140,香味,淡淡的,气味
1140,_,很好用,整体
1140,_,不会有紧绷的,使用体验
1141,_,很舒服,整体
1141,_,没有一点不舒服,使用体验
1141,_,好评,整体
1142,_,还行,整体
1143,保温效果,好,功效
1143,精华液,挺多的,成分
1143,_,不错,整体
1144,_,挺好的,整体
1145,外观,还不错,包装
1146,_,不错,整体
1147,_,不错,整体
1147,礼品,_,价格
1148,包装,有点不好,包装
1148,_,是正品,真伪
1148,_,挺环保,其他
1149,物流,很快,物流
1150,_,非常好用,整体
1151,快递,很给力,物流
1152,_,很喜欢,整体
1153,_,快,物流
1154,_,是正品,真伪
1155,物流,垃圾,物流
1155,味道,好,气味
1155,_,不喜欢,整体
1156,味道,好闻,气味
1156,_,非常好用,整体
1157,遮暇效果,很好,功效
1157,_,很好用,整体
1158,_,很不错,整体
1159,价格,低,价格
1160,_,很好用,整体
1161,_,不好用,整体
1161,_,太干,使用体验
1162,速度,真快,物流
1162,_,便宜,价格
1163,_,白一大圈，估计我是太黑了,功效
1164,_,好评,整体
1165,_,很好,整体
1165,_,很好,整体
1165,_,物超所值,整体
1166,补水效果,挺好,功效
1166,_,比较实惠,价格
1167,物流,很快,物流
1167,_,还可以,整体
1168,_,垃圾,整体
1168,_,假货,真伪
1169,_,挺好的,整体
1169,_,光滑,使用体验
1169,_,水润,使用体验
1170,_,别用,整体
1170,_,偏干,使用体验
1171,味道,太刺鼻了,气味
1171,价格,很实惠,价格
1172,_,不错,整体
1172,_,比较喜欢,整体
1173,_,不错,整体
1173,_,很满意,整体
1174,性价比,很高,价格
1175,_,很不错,整体
1176,_,比较喜欢,整体
1177,_,假货,真伪
1177,_,还过敏,使用体验
1178,包装,不错,包装
1178,_,不持久,功效
1179,_,新鲜,其他
1179,_,特划算,价格
1179,日期,_,新鲜度
1179,保质期,_,新鲜度
1180,_,不起沫,使用体验
1180,_,不怎么好用,整体
1181,_,没有特别便宜,价格
1182,_,不服帖,使用体验
1182,_,严重，假白,功效
1183,_,很清爽,使用体验
1183,_,不油腻,使用体验
1183,_,很喜欢,整体
1183,_,很干净,功效
1184,快递速度,真快,物流
1185,_,好评,整体
1185,_,赞,整体
1186,_,便宜,价格
1186,_,好用,整体
1186,_,好评,整体
1187,_,不开心,整体
1188,_,不错,整体
1188,_,是正品,真伪
1188,_,挺好的,整体
1189,_,可以,整体
1189,_,挺干净的,功效
1190,_,超级喜欢,整体
1191,_,是正品,真伪
1192,_,喜欢用,整体
1192,_,比较细腻,使用体验
1192,_,不油腻,使用体验
1192,_,挺好的,整体
1193,_,很好,整体
1194,物流,相当快,物流
1194,包装,精致,包装
2063,物流,相当快,物流
2063,包装,精致,包装
1195,_,不错,整体
1195,_,不干了，而且也白了很多,功效
1196,_,挺好,整体
1196,_,满意,整体
1197,_,很喜欢,整体
1197,_,非常好,整体
1198,_,挺好的,整体
1199,_,不错,整体
1200,_,很好用,整体
1201,_,挺不错的,整体
1201,_,很滋润,使用体验
1202,物流,快,物流
1202,_,好,物流
1203,香味,清淡的,气味
1203,_,便宜,价格
1203,_,还好用,整体
1203,_,比较喜欢,气味
1204,_,一如既往的好,整体
1205,_,蛮不错的,整体
1206,_,很不错,整体
1207,_,水润,使用体验
1207,_,提亮肤色,功效
1207,_,自然,功效
1207,_,很满意,整体
1208,补水效果,很棒,功效
1209,_,不错,整体
1210,_,超好用,整体
1210,_,很水润,使用体验
1210,_,真的好用,整体
1210,_,超值,价格
1211,_,不错,整体
1212,_,水润透气,使用体验
1212,_,不错,整体
1213,_,很好用,整体
1214,_,比较水润,使用体验
1214,隔离效果,_,功效
1215,_,很细腻,使用体验
1215,_,清爽,使用体验
1215,_,不干燥,使用体验
1215,_,安利,整体
1216,_,好,整体
1217,_,很油,使用体验
1226,_,_,_
1219,味道,清新,气味
1219,_,挺好的,整体
1219,_,滋润,使用体验
1219,_,不粘腻,使用体验
1220,水分,很多,成分
1220,_,很薄,使用体验
1220,_,很舒服,使用体验
1220,_,清爽,使用体验
1221,_,不错,整体
1222,价格,合理,价格
1222,_,还不错,整体
1223,物流,很快,物流
1223,_,好用,整体
1224,_,挺喜欢的,整体
1225,_,很好,整体
1226,遮暇能力,强,功效
1226,_,提亮,功效
1227,_,挺好的,整体
1227,_,好快,物流
1228,味道,不好闻,气味
1228,_,很实惠,价格
1228,_,很好用,整体
1229,包装,无损坏,包装
1229,清香味,淡淡的,气味
1229,保湿效果,挺好的,功效
1229,_,挺不错,整体
1231,_,有点脏,包装
1232,味道,很好闻,气味
1233,物流,很快,物流
1233,_,很好用,整体
1234,气味,没有刺鼻,气味
1234,卸妆,很干净,功效
1234,包装,特别再仔细,包装
1234,_,很温和,使用体验
1234,_,很满意,整体
1234,设计,_,包装
1235,遮暇效果,没有,功效
1235,_,被骗了,整体
1236,_,没想象的那么好,整体
1236,_,那么好 便宜没好货好货不便宜,价格
1236,_,不便宜 而且好小,价格
1237,_,还不错,整体
1245,_,_,_
1239,上妆效果,好用,功效
1239,_,好用,整体
1239,_,不油,使用体验
1239,持久情况,_,功效
1240,_,很好用,整体
1241,物流,超快,物流
1241,包装,高大上,包装
1242,_,便宜,价格
1242,_,实惠,价格
1242,_,非常好用,整体
1243,_,可以,整体
1243,_,挺白的,功效
1244,_,很好,整体
1245,_,很赞,整体
1245,_,很喜欢,整体
1246,_,好用,整体
1247,_,很好用,整体
1247,_,水水的,使用体验
1247,_,嫩嫩的,使用体验
1248,保湿效果,很好,功效
1249,包装,_,包装
1249,包装,_,包装
1250,味道,很好闻,气味
1250,_,很好用,整体
1250,_,很喜欢,整体
1251,_,还好,整体
1252,香味,挺重的,气味
1253,_,挺好用,整体
1253,_,很轻薄,使用体验
1254,价格,实惠,价格
1254,保持时间,较长,新鲜度
1254,_,不会干,使用体验
1262,_,_,_
1256,乳液,挺多的,成分
1256,_,真不错,整体
1257,精华液,很多,成分
1257,补水效果,不错,功效
1257,活动,_,价格
1258,_,好评,整体
1259,_,喜欢,整体
1259,_,不刺皮肤，擦的干净,功效
1260,_,非常好用,整体
1260,_,不油腻,使用体验
1260,_,很清爽,使用体验
1260,_,大爱,整体
1261,_,快,物流
1262,_,很好用,整体
1263,味道,很好闻,气味
1263,_,很不错,整体
1263,_,还保湿,功效
1264,物流,很快,物流
1264,_,很好,整体
1265,_,还不错,整体
1266,_,很油,使用体验
1266,_,很油,使用体验
1267,_,很好,整体
1268,_,挺好的,整体
1269,香味,很浓,气味
1271,_,还可以,整体
1271,_,很实惠,价格
1272,补水效果,很好,功效
1273,滋润度,非常好,使用体验
1273,_,好用,整体
1273,_,不干,使用体验
1273,_,不卡粉,使用体验
1273,_,棒棒哒,整体
1274,_,挺好的,整体
1275,_,还不错,整体
1276,_,湿润,使用体验
1276,_,自然,功效
1276,_,很好,整体
1277,_,非常满意,整体
1277,_,非常喜欢,整体
1277,_,好,整体
1278,活动,很合适,价格
1278,_,很不错,整体
1278,_,喜欢,整体
1279,补水效果,非常好,功效
1280,_,挺满意的,整体
1281,_,好,整体
1281,_,好,整体
1282,_,洗不掉,使用体验
1282,_,不紧绷,使用体验
1283,_,很好用,整体
1283,_,很香,气味
1284,_,真心不错,整体
1285,_,还不错,整体
1286,_,很不错,整体
1286,_,不错,整体
1287,_,还可以,整体
1288,_,还不错,整体
1289,保湿效果,很好,功效
1289,_,很不错,整体
1289,_,非常满意,整体
1290,价格,实惠,价格
1290,活动,便宜,价格
1290,_,好评,整体
1291,上妆,很不错,功效
1291,味道,太香了,气味
1292,_,还行,整体
1292,_,比较方便,使用体验
1293,_,有点刺激,使用体验
1293,_,还好,整体
1294,_,是正品,真伪
1295,_,非常好用,整体
1296,_,是真品,真伪
1296,_,过敏,使用体验
1297,味道,挺好闻的,气味
1297,_,很好,整体
1298,价格,很划算,价格
1298,_,还不错,整体
1298,_,好评,整体
1299,_,不错,整体
1300,_,就是好,整体
1300,_,好评,整体
1301,_,不好用,整体
1301,_,最差的,整体
1302,香味,淡淡的,气味
1302,_,爱不释手,整体
1303,_,还可以,整体
1304,保湿效果,特好,功效
1304,遮瑕效果,不错,功效
1305,_,很好用,整体
1305,_,好用,整体
1306,价格,挺便宜的,价格
1307,_,还不错,整体
1308,_,不错,整体
1309,_,不真实,整体
1309,活动,_,价格
1310,_,货真价实,整体
1311,价格,超实惠,价格
1311,_,不错,整体
1312,活动力度,比较大,价格
1312,_,好用,整体
1312,_,敷贴皮肤,使用体验
1312,_,不干燥,使用体验
1312,_,比较水润,使用体验
1312,_,便宜,价格
1313,送货速度,快,物流
1313,_,还好,整体
1314,_,非常好,整体
1315,物流,很快,物流
1315,包装,无破损,包装
1316,_,喜欢,整体
1317,_,很香,气味
1318,_,很不错,整体
1319,_,挺好,整体
1320,补水效果,非常不错,功效
1321,味道,很好闻,气味
1321,_,喜欢,整体
1322,_,不错,整体
1322,_,正不错,整体
1323,美白效果,不是很好,功效
1323,_,不错,整体
1324,_,可以的,整体
1325,_,还不错,整体
1326,_,非常不满意,整体
1327,_,没有不舒服,整体
1328,_,还不错,整体
1329,快递,给力,物流
1329,_,不错好用,整体
1330,赠品,便宜，赠品也很多,价格
1330,_,很不错的，比实体店便宜,价格
1331,_,很好,整体
1332,_,很不错,整体
1332,_,不错,整体
1332,_,棒棒哒,整体
1333,味道,有点怪,气味
1334,物流,快,物流
1334,_,喜欢,整体
1334,_,还不错,整体
1334,_,好,整体
1335,_,还不错,整体
1336,_,很实惠,价格
1337,包装,完好,包装
1337,日期,比较新,新鲜度
1338,服务,很不错,服务
1338,_,不错,整体
1339,_,非常好,整体
1339,_,便宜,价格
1339,_,划算,价格
1340,_,很喜欢,整体
1341,_,不错,整体
1342,_,非常好用,整体
1342,_,不油腻,使用体验
1342,_,好推开,使用体验
1343,_,很好用,整体
1343,_,不浮粉,使用体验
1344,快递,超快,物流
1345,包装,蛮好的,包装
1345,_,好评,整体
1346,送货,快,物流
1346,_,好用,整体
1346,_,很服帖,使用体验
1347,_,太给力了,整体
1347,_,特别好闻,气味
1348,包装,好差劲,包装
1349,_,很好用,整体
1349,_,易推开,使用体验
1349,提亮肤色,_,功效
1350,_,非常干净,功效
1350,_,好,整体
1351,_,很滋润,使用体验
1352,价格,合理,价格
1352,_,不错,整体
1353,_,非常卡粉,使用体验
1353,_,不好用,整体
1354,赠品,挺多的,价格
1355,_,不错,整体
1355,_,确实好用,整体
1355,_,特别便宜,价格
1356,_,挺好的,整体
1357,_,不错,整体
1357,_,很舒服,使用体验
1357,_,白些了,功效
1358,肤色,很自然,功效
1358,_,很滋润,使用体验
1359,_,很喜欢,整体
1360,_,特别好用,整体
1361,_,很好,整体
1361,_,很好用,整体
1362,物流,很快,物流
1362,盒子,有点脏,包装
1362,_,很润,使用体验
1362,_,不干,使用体验
1362,_,能吸收,使用体验
1363,_,是正品,真伪
1363,_,很自然,功效
1364,_,正品,真伪
1365,_,水润,使用体验
1365,_,清凉,使用体验
1365,_,是正品,真伪
1365,_,不错,整体
1366,_,会卡粉,使用体验
1367,_,好用,整体
1367,_,自然,功效
1367,_,服帖,功效
1368,价格,很美丽,价格
1368,_,很优惠,价格
1368,_,很好,整体
1369,_,可以,整体
1370,_,优惠多多,价格
1370,_,非常满意,整体
1371,_,很好用,整体
1372,_,非常满意,整体
1373,补水效果,特别好,功效
1374,好装,好,包装
1374,_,不错,整体
1375,_,很喜欢,整体
1375,_,满意,整体
1376,精华液,很多,成分
1376,_,很好用,整体
1376,_,很实惠,价格
1377,遮瑕效果,不理想,功效
1377,_,清爽,使用体验
1377,_,不油腻,使用体验
1378,_,还不错,整体
1378,_,很喜欢,整体
1379,_,特别滋润,使用体验
1379,_,香香的,气味
1379,_,不厚重,使用体验
1379,_,特别好用,整体
1379,美白,_,功效
1380,_,比较好用,整体
1381,_,不错,整体
1381,_,不油腻,使用体验
1381,_,挺补水的,功效
1381,_,滑滑的,使用体验
1381,_,嫩嫩的,使用体验
1382,_,不错,整体
1382,_,好用,整体
1382,_,超补水,功效
1383,水份,多,使用体验
1383,价格,合适,价格
1383,_,喜欢,整体
1383,_,滑溜溜的,使用体验
1383,_,大爱,整体
1384,粉质,很细腻,使用体验
1385,_,不会油油的,使用体验
1385,_,不会感觉紧绷,使用体验
1386,香味,_,气味
1386,包装,_,包装
1387,_,很好,整体
1388,_,很好用,整体
1389,_,普通,整体
1389,_,差不多,整体
1390,送货,及时,物流
1390,_,不错,整体
1391,快递,很快,物流
1391,客服态度,很好,物流
1392,包装,挺好的,包装
1392,物流,很快,物流
1392,_,不错,整体
1393,_,是不是正品,真伪
1393,_,挺好用的,整体
1394,_,差评,整体
1394,_,没有,整体
1395,遮瑕效果,不是特别好,功效
1395,_,还可以,整体
1395,_,轻薄,使用体验
1395,_,不油腻,使用体验
1396,价格,优,价格
1396,_,好不错,整体
1396,_,喜欢,整体
1397,包装,没有,包装
1397,_,真假,真伪
1398,价格,低,价格
1398,_,还好用,整体
1399,_,很好用,整体
1399,_,不干,使用体验
1399,_,提亮肤色,功效
1400,_,很喜欢,整体
1401,_,清爽,使用体验
1401,_,不油腻,使用体验
1408,_,_,_
1403,价格,还不错,价格
1404,_,没有那么好,整体
1404,_,太黏了,使用体验
1404,_,吸收的也不好,使用体验
1405,快递,很快,物流
1405,_,很水润,使用体验
1405,_,保湿,功效
1405,活动,_,价格
1406,活动,超级划算,价格
1406,_,很不错,整体
1407,_,好用,整体
1408,_,很好用,整体
1408,_,水水的,使用体验
1409,包装,好看,包装
1409,_,不错,整体
1409,_,还不错,整体
1410,发货,快,物流
1410,_,好评,整体
1411,_,还不错,整体
1412,包装,太旧了,包装
1412,_,假的,真伪
1413,配送速度,特别快,物流
1413,_,物美价廉,价格
1413,_,非常好,整体
1413,_,有点过敏,使用体验
1413,_,非常好,整体
1413,_,很好,整体
1413,服务,_,服务
1414,白沫之类的东西！是面膜纸,不行,整体
1414,_,不咋地,整体
1414,质量,_,其他
1415,_,太腻了,气味
1415,_,不好闻,气味
1415,_,难受,气味
1416,价格,实惠,价格
1416,_,好用,整体
1416,_,不油腻,使用体验
1417,吸收,还不错,使用体验
1417,_,是正品,真伪
1417,_,没有激素,使用体验
1417,_,好评,整体
1418,价格,实惠,价格
1418,_,还不错,整体
1418,_,不卡粉,使用体验
1419,快递,快,物流
1420,_,还不错,整体
1421,_,超爽,使用体验
1421,_,挺喜欢的,整体
1422,香味，泡沫,丰富,使用体验
1422,_,淡淡的香味,气味
1422,_,洗干净,使用体验
1423,包装,完好,包装
1423,物流,很快,物流
1424,_,白了一度,功效
1424,快递小哥,_,物流
1425,_,很好,整体
1425,_,很喜欢,整体
1425,_,很保湿,功效
1426,送货速度,很快,物流
1426,_,不错,整体
1427,_,提亮肤色,功效
1427,_,不卡粉,使用体验
1427,_,很不错,整体
1428,包装,非常精美,包装
1429,_,不错,整体
1430,精华液,很多,成分
1430,_,量很足,其他
1430,_,水水的,使用体验
1431,价格,美丽,价格
1431,_,挺好用,整体
1432,_,很好,整体
1432,_,大大小小,尺寸
1433,_,肤色很好,功效
1433,_,喜欢,整体
1434,_,很好,整体
1435,_,还行,整体
1436,吸收,挺好,使用体验
1436,_,很容易吸收,使用体验
1436,_,水嫩水嫩的,使用体验
1437,_,很不错,整体
1437,_,不错,整体
1437,_,不刺激,使用体验
1438,_,很舒适,整体
1438,_,非常细腻,使用体验
1439,_,好用,整体
1439,_,不卡粉,使用体验
1440,_,还行,整体
1441,_,还可以,整体
1441,_,有点卡,使用体验
1442,_,差差,整体
1442,_,不补水,功效
1443,_,不错,整体
1444,起泡,不是很多,使用体验
1444,快递运输,有折痕,物流
1444,_,很温和,使用体验
1445,_,给力,物流
1445,_,好,整体
1445,_,快,物流
1445,赠品,_,价格
1446,送货,很快,物流
1446,_,很好用,整体
1446,_,很显白,功效
1446,_,特别好推开,使用体验
1446,_,好评,整体
1447,_,特别拔干,使用体验
1447,_,不好推开,使用体验
1448,价格,_,价格
1449,_,还不错,整体
1450,_,很小,尺寸
1451,物流,很给力的,物流
1451,_,很好,整体
1452,_,很自然,功效
1453,持久度,好,使用体验
1453,_,非常好用,整体
1453,_,不干,使用体验
1454,_,不错,整体
1455,物流,快,物流
1455,_,挺好的,整体
1455,_,方便,其他
1455,_,快捷,其他
1456,_,不错,整体
1456,_,挺好用的,整体
1457,黑眼圈,_,包装
1458,_,不错,整体
1458,包装,_,包装
1459,_,还行,整体
1460,_,不错,整体
1460,味道,_,气味
1461,_,非常好用,整体
1462,_,挺好用的,整体
1463,_,很好,整体
1464,清洁能力,一般,功效
1465,_,是正品,真伪
1466,_,很喜欢,整体
1467,_,挺好用的,整体
1468,_,五星好评,整体
1469,味道,挺舒服的,气味
1469,_,还不错,整体
1470,_,特别好用,整体
1471,_,真的好,整体
1478,_,_,_
1473,_,挺好的,整体
1473,_,薄薄的,使用体验
1474,老板,很满意,服务
1474,_,很好,整体
1475,_,还可以,整体
1475,_,可以,整体
1475,赠品,_,价格
1476,味道,好闻,气味
1476,_,很划算,价格
1477,_,不错,功效
1478,_,不紧绷,使用体验
1478,_,挺舒服,使用体验
1479,_,还行,整体
1479,_,太快,价格
1480,卸妆,很干净,功效
1480,_,很好用,整体
1480,_,温和,使用体验
1480,_,不刺激,使用体验
1481,_,不错,整体
1482,_,还可以,整体
1482,_,有点干,使用体验
1483,_,挺好用的,整体
1483,_,清爽,使用体验
1483,_,不粘腻,使用体验
1484,价格,便宜,价格
1484,_,挺好的,整体
1485,物流,很快,物流
1485,快递小哥态度,很好,物流
1485,_,挺好的,整体
1485,_,很快,物流
1486,_,特别好用,整体
1487,_,好,整体
1488,服务,特好,服务
1489,_,很满意,整体
1489,_,是正品,真伪
1489,_,很划算,价格
1489,活动,_,价格
1490,_,超好用,整体
1491,_,好用,整体
1491,_,实惠,价格
1492,_,不错,整体
1492,_,很水润,使用体验
1493,_,挺不错的,整体
1494,_,不错,整体
1494,_,挺好用的,整体
1494,_,很划算,价格
1495,到货,很快,物流
1495,_,是正品,真伪
1502,_,_,_
1497,_,挺好,整体
1498,_,不错,整体
1498,_,量太少了,其他
1499,_,挺好用的,整体
1499,_,很方便,整体
1500,_,挺好用的,整体
1500,_,挺滋润的,使用体验
1500,快递小哥服务态度,_,物流
1501,_,还不错,整体
1502,_,不错,整体
1502,_,很喜欢,整体
1503,_,很好用,整体
1504,_,非常好,整体
1505,补水效果,不错,功效
1505,价格,合理,价格
1505,快递,给力,物流
1506,快递,超快,物流
1506,优惠力度,很大,价格
1506,_,很满意,整体
1507,价格,有点小贵,价格
1507,_,物有所值,整体
1508,清洁,不怎么样,功效
1508,_,很好用,整体
1508,_,不太好,整体
1509,价格,不会很贵,价格
1509,_,很好用,整体
1510,保湿,一般,功效
1511,优惠活动,实惠,价格
1511,价格,_,价格
1512,发货速度,超快,物流
1512,保湿效果,好,功效
1513,_,还不错,整体
1513,_,能遮瑕,功效
1514,_,超级划算,价格
1515,味道,很好闻,气味
1516,_,干爽舒服,使用体验
1516,清洁能力,_,功效
1517,_,好用,整体
1517,_,不油腻,使用体验
1517,_,很自然,功效
1517,_,服帖,使用体验
1518,清洁能力,很好,功效
1518,味道,挺好闻,气味
1518,_,挺好用的,整体
1518,_,好评,整体
1519,味道,不好,气味
1519,_,不喜欢,整体
1519,_,很紧绷,使用体验
1520,_,非常好,整体
1521,_,挺不错的,整体
1521,_,很细腻,使用体验
1521,_,很自然,功效
1522,_,很好用,整体
1522,_,水嫩,使用体验
1522,_,光泽,使用体验
1522,_,不错,整体
1522,_,超值,价格
1523,_,挺好,整体
1523,_,是正品,真伪
1524,_,不错,整体
1524,活动,_,价格
1525,_,好用,整体
1525,_,好用,整体
1526,活动,便宜,价格
1526,_,很好用,整体
1526,价格,_,价格
1527,_,不错,整体
1528,_,非常不错,整体
1528,_,很喜欢,整体
1530,_,太白了,功效
1530,_,很少,其他
1530,_,不行,整体
1531,精华液,很多,成分
1531,_,挺好的,整体
1532,_,还可以,整体
1533,包装,完好,包装
1534,_,很喜欢,整体
1534,_,不错,整体
1535,成分,安全,成分
1535,补湿效果,还可以,功效
1536,_,非常好用,整体
1536,_,不紧绷,使用体验
1537,_,很滋润,使用体验
1537,_,很自然,功效
1537,_,挺满意的,整体
1538,送货,很快,物流
1538,快递师傅,很耐心,物流
1539,味道,不错,气味
1539,_,很好闻,气味
1540,_,不错,整体
1541,_,伪劣品,真伪
1542,_,真好,整体
1543,价格,很实惠,价格
1543,_,不错,整体
1544,_,还可以,整体
1545,_,物美价廉,价格
1546,_,不错,整体
1546,_,物美价廉,价格
1547,物流,很快,物流
1548,_,好用,整体
1548,_,挺好用的,整体
1549,_,不错,整体
1549,_,超级划算,价格
1550,_,非常好用,整体
1550,_,不但服帖,使用体验
1550,_,提亮肤色,功效
1551,_,不错,整体
1552,_,不错,整体
1552,_,不错,整体
1553,_,挺好的,整体
1554,_,不错,整体
1555,_,还可以,整体
1556,_,还可以,整体
1556,_,便宜,价格
1557,_,温和的,使用体验
1558,价格,很实惠,价格
1558,_,还不错,整体
1558,_,很保湿,功效
1558,_,好评,整体
1559,_,好用,整体
1559,_,很喜欢,整体
1560,_,不错,整体
1561,_,非常好,整体
1562,配送速度,很快,物流
1563,_,还不错,整体
1564,_,不错,整体
1564,_,挺好,整体
1565,_,不油腻,使用体验
1565,_,很好上妆,功效
1565,_,不油腻,使用体验
1565,_,喜欢,整体
1566,颜值,不错,包装
1566,送货,快,物流
1566,服务,好,服务
1566,_,不错,整体
1566,新包装,_,包装
1567,_,挺好用的,整体
1568,_,好开心,整体
1568,_,好评,整体
1569,物流,快,物流
1570,味道,不是很喜欢,气味
1570,_,不错,整体
1570,_,很值,价格
1571,_,挺不错的,整体
1572,_,特别好,整体
1573,_,辣眼睛,使用体验
1574,快递小哥速度,杠杠滴,物流
1574,态度,不错,服务
1574,_,很满意,整体
1575,_,挺补水的,功效
1576,_,真的,真伪
1577,_,很不错,整体
1578,赠品,很多,价格
1578,_,是正品,真伪
1579,_,还不错,整体
1579,_,一般,整体
1580,_,保湿,功效
1580,_,补水,功效
1581,_,非常好,整体
1581,_,物超所值,整体
1582,_,还不错,整体
1582,_,方便,整体
1582,_,快捷,整体
1583,_,非常不错,整体
1583,_,不容易脱妆,使用体验
1584,_,很实惠,价格
1584,_,挺划算的,价格
1585,_,挺好的,整体
1585,_,不错的,整体
1585,_,比较水润,使用体验
1585,_,不油腻,使用体验
1586,_,非常好用,整体
1587,_,非常棒,整体
1587,_,嫩嫩的,使用体验
1588,气味,很好闻,气味
1588,调整肤色,白皙一些,功效
1589,_,有点干,使用体验
1589,_,还可以,整体
1590,味道,很淡,气味
1590,价格,不贵,价格
1590,_,很喜欢,整体
1590,_,不厚重,使用体验
1590,_,淡淡的亮,气味
1591,保持时间,比较短,新鲜度
1591,保湿,还行,功效
1591,_,一般,整体
1591,_,没有浮粉,使用体验
1592,卸妆,挺干净的,功效
1592,_,满意,整体
1593,_,还可以,整体
1594,_,很划算,价格
1594,_,好用,整体
1595,_,挺多的,整体
1596,_,不过敏,使用体验
1596,_,挺好的,整体
1596,_,便宜,价格
1597,精华液,_,成分
1598,价格,美丽,价格
1598,_,很温和,使用体验
1599,_,还行,整体
1599,价格,_,价格
1600,价格,便宜,价格
1600,性价比,一般,功效
1601,遮瑕效果,不错,功效
1601,_,不错,整体
1601,_,自然,功效
1601,_,有一点脱落,使用体验
1602,送货物流,快,物流
1602,价格,便宜,价格
1603,香味,淡淡的,气味
1603,_,非常好,整体
1603,_,非常滋润,使用体验
1603,_,遮瑕,功效
1604,提亮效果,明显,功效
1604,_,非常好用,整体
1604,_,不卡粉,使用体验
1604,_,特别服帖,使用体验
1605,_,还行,整体
1605,香味,_,气味
1606,快递,很快,物流
1607,_,小痘痘,使用体验
1608,_,比较稀的,整体
1609,_,很好用的,整体
1609,_,很滋润,使用体验
1610,外壳,软趴趴的,包装
1610,设计,有问题,包装
1610,_,瘦又长,其他
1611,水,挺多,成分
1611,_,还不错,整体
1612,_,挺喜欢,整体
1613,_,真心不错,整体
1614,_,滋润,使用体验
1614,_,服帖,使用体验
1614,_,好可爱,整体
1615,清香,淡淡的,气味
1615,_,非常的不错,整体
1616,隔离效果,特别高,功效
1616,_,很水润,使用体验
1617,_,不错,整体
1618,_,很不错,整体
1618,_,量也很足,其他
1618,_,很足，出水口设计的很棒,其他
1618,设计,_,包装
1619,商家,很热心,服务
1619,_,很好,整体
1619,_,体贴入微,使用体验
1620,_,还可以,整体
1620,_,好小,尺寸
1621,颜色,很自然,功效
1621,_,超级划算,价格
1621,_,喜欢,整体
1622,_,很持久,功效
1622,_,挺舒服,使用体验
1623,_,还不错的,整体
1624,_,高大上,整体
1624,_,很精致,整体
1625,_,很好用,整体
1626,清洁能力,一般般,功效
1627,_,很好,整体
1627,_,物有所值,整体
1628,_,那么轻的,使用体验
1628,_,不知是不是假的,真伪
1629,物流配送服务,非常好,物流
1629,包装,升级,包装
1629,_,好用,整体
1629,_,好用,整体
1630,_,物超所值,整体
1630,_,棒棒哒,整体
1631,_,很好用,整体
1631,_,很喜欢,整体
1632,_,挺好用的,整体
1633,活动价,很合适,价格
1633,_,好用,整体
1634,_,不喜欢,整体
1635,性价比,高,价格
1635,_,非常喜欢,整体
1635,_,很好,整体
1636,_,好用,整体
1636,_,滑滑的,使用体验
1637,物流,超快,物流
1637,_,信得过,整体
1638,物流,很快,物流
1638,_,非常好,整体
1638,_,很满意,整体
1638,_,不错,整体
1639,_,非常喜欢,整体
1640,_,很便宜,价格
1640,_,很划算,价格
1641,_,好用,整体
1642,_,超级棒,整体
1642,_,超级棒,整体
1642,_,补水,功效
1643,_,好用,整体
1643,_,不卡粉,使用体验
1643,_,自然,功效
1644,物流,快,物流
1644,包装,好,包装
1645,颜色,很好,功效
1645,_,不觉得干,使用体验
1645,_,很容易划开,使用体验
1646,物流,挺快的,物流
1647,_,划算,价格
1647,礼物,_,价格
1648,_,不错,整体
1648,_,挺好用的,整体
1649,_,很适合,整体
1649,_,不卡粉,使用体验
1650,_,非常好,整体
1650,_,淡淡的香,气味
1650,_,很喜欢,整体
1651,味道,特别喜欢,气味
1651,_,好用,整体
1652,性价比,很高,价格
1652,价格,超级优惠,价格
1652,_,很好用,整体
1652,_,很满意,整体
1653,_,很温和,使用体验
1654,_,很好用,整体
1655,_,不错,整体
1655,_,很好用,整体
1655,_,皮肤很亮,功效
1655,_,很不错,整体
1656,_,真的不错,整体
1658,_,还行吧,整体
1660,补水效果,很棒,功效
1661,价格,便宜,价格
1661,_,不错,整体
1661,_,相当不错,整体
1662,客服,太假面了，想退了，客服说要打电话给售后，在线客服不管,服务
1662,_,好白,功效
1662,客服,_,服务
1663,_,很棒的,整体
1663,_,绝对好用,整体
1664,味道,很好闻,气味
1664,_,很保湿,功效
1664,_,不错,整体
1665,保湿,不错,功效
1666,价格,实惠,价格
1667,_,很舒服,使用体验
1667,_,不紧绷,使用体验
1667,_,不错的,整体
1667,_,喜欢的,整体
1668,快递,很给力,物流
1668,气味,很香,气味
1669,_,不错,整体
1669,_,不油腻,使用体验
1669,_,润润的,使用体验
1670,遮瑕效果,行,功效
1670,_,还不错,整体
1670,_,不卡粉,使用体验
1671,_,不怎么白,功效
1671,_,有点掉妆,功效
1672,酒精味道,特别大,气味
1672,_,不好用,整体
1672,_,刺鼻,气味
1673,补水效果,很好,功效
1674,_,有点用,整体
1675,物流,快,物流
1675,服务,好,服务
1675,_,不错,整体
1675,_,很好,整体
1675,_,物美价廉,价格
1676,性价比,高,价格
1676,活动,很便宜,价格
1676,_,好用,整体
1677,盒子,挺漂亮,包装
1677,_,不错,整体
1678,_,物美价廉,价格
1679,优惠活动价格,不错,价格
1679,_,有点掉毛,使用体验
1680,发货,很快,物流
1680,包装,不错,包装
1680,成膜速度,一般,功效
1680,_,很滋润,使用体验
1681,_,比较补水,功效
1681,活动,_,价格
1682,补水效果,很好,功效
1683,_,很好用,整体
1683,_,分量足,其他
1683,_,还不错,整体
1684,_,特别满意,整体
1685,上脸效果,很好,功效
1685,_,粉很细腻,使用体验
1685,_,很满意,整体
1686,_,这么好用,整体
1687,_,挺好的,整体
1687,老包装,_,包装
1687,新包装,_,包装
1688,_,很好用,整体
1689,补水,不错,功效
1690,_,还不错,整体
1691,客服,_,服务
1692,包装,不错,包装
1692,_,挺香的,气味
1693,_,没的说,物流
1693,速度,_,物流
1694,_,自然,功效
1694,_,服帖,使用体验
1694,活动,_,价格
1695,物流,很快的,物流
1695,_,挺好用的,整体
1695,_,好评,整体
1696,补水效果,可以,功效
1696,_,平价,价格
1696,_,好用,整体
1697,_,没问题,整体
1698,_,不错,整体
1698,_,很自然,功效
1699,_,挺喜欢,整体
1700,_,不贵,价格
1701,补水,_,功效
1702,_,很好,整体
1702,_,非常补水,功效
1702,_,保湿,功效
1702,_,不错,整体
1703,价格,实惠,价格
1703,_,很好,整体
1703,_,很光滑的,使用体验
1704,_,很好,整体
1705,_,物有所值,整体
1705,价钱,_,价格
1705,活动,_,价格
1706,快递,好棒,物流
1706,_,大赞,整体
1707,快递,很给力,物流
1707,_,很不错,整体
1708,_,还不错,整体
1708,_,挺好用的,整体
1709,_,涂不开,使用体验
1709,_,不开，不好用,使用体验
1710,包装,很好,包装
1710,快递哥,很给力,物流
1710,_,还可以,整体
1711,_,很好用,整体
1711,_,很干净,功效
1711,_,不紧绷,使用体验
1712,到货,很快,物流
1713,卸妆,干净,功效
1713,_,温和,使用体验
1713,_,不刺激,使用体验
1713,_,好用,整体
1714,_,很喜欢,整体
1715,_,好用,整体
1715,_,超级好用,整体
1716,_,好,整体
1717,快递小哥,很准时,物流
1718,_,超级好用,整体
1719,_,好评,整体
1720,_,很好用,整体
1720,_,不干,使用体验
1720,_,很自然,功效
1720,美白,_,功效
1721,_,很实惠,价格
1722,_,不错,整体
1722,_,很满意,整体
1723,颜色,很自然,功效
1723,_,很值,价格
1724,服务,不咋滴,服务
1724,价格幅度,大,价格
1725,_,好用,整体
1725,_,好评,整体
1726,物流,快,物流
1726,服务态度,很好,服务
1726,_,不错,整体
1727,泡沫,多,使用体验
1727,_,好用,整体
1727,_,很奈斯,价格
1727,_,好用,整体
1728,_,很不错,整体
1729,_,还不错,整体
1730,价格,很奈斯,价格
1730,_,非常棒,整体
1730,_,正品,真伪
1731,精华,很补水  精华超级多的,成分
1731,_,确实很补水,功效
1731,_,超级多的  每次敷完还很多,成分
1732,_,不错,整体
1733,_,很不错,整体
1734,物流,很快,物流
1735,_,好迷你,整体
1736,价格,实惠,价格
1736,物流速度,很快,物流
1736,_,很好,整体
1736,_,很喜欢,整体
1736,_,赞一个,整体
1737,快递,太快了,物流
1738,_,非常好,整体
1738,_,非常光滑,使用体验
1739,补水效果,很好,功效
1739,_,还不错,整体
1739,_,无刺激,使用体验
1739,_,超赞,整体
1740,物流,快,物流
1740,价格,合适,价格
1740,_,不错,整体
1741,_,还可以,整体
1741,遮暇,_,功效
1742,_,美美哒,整体
1743,_,特别好用,整体
1743,_,不会差,整体
1744,温和度,比较好,使用体验
1744,_,比较干净,功效
1744,_,挺好,整体
1745,_,很好,整体
1745,_,很满意,整体
1746,卸妆,干净,功效
1746,_,就喜欢,整体
1746,_,很好用,整体
1746,_,还不紧绷,使用体验
1747,_,很显白,功效
1747,_,挺好,整体
1748,_,还不错,整体
1748,_,不紧绷,使用体验
1749,_,粉扑卡脸,使用体验
1750,盒子,挺好,包装
1750,收纳,方便,其他
1751,味道,很好闻,气味
1751,_,挺好用的,整体
1751,_,比较细腻,使用体验
1751,_,不干燥,使用体验
1752,_,便宜,价格
1753,_,挺好的,整体
1754,_,不怎么样,整体
1754,_,不太喜欢,整体
1755,_,很好用,整体
1755,_,水嫩,使用体验
1756,_,很喜欢,整体
1756,_,好舒服,使用体验
1757,保湿,还可以,功效
1758,日期,太旧了,新鲜度
1758,客服,不回复,服务
1759,_,很好,整体
1759,_,不错,整体
1759,_,很舒服,使用体验
1759,_,好评,整体
1760,_,很细润,使用体验
1761,_,遮红,功效
1761,_,挺好,整体
1761,_,挺自然,功效
1762,_,太干了,使用体验
1762,_,很香,气味
1763,_,还不错,整体
1763,_,不油腻,使用体验
1764,_,很不错,整体
1764,_,还可以,整体
1765,日期,太靠前了,新鲜度
1765,_,挺好的,整体
1766,物流,给力,物流
1766,_,很喜欢,整体
1767,物流,贼快,物流
1767,_,还好吧,整体
1767,_,便宜,价格
1768,包装,很可爱,包装
1769,价格,合理,价格
1769,送货速度,很快,物流
1769,赠品,_,价格
1770,_,很好,整体
1770,_,很快,物流
1877,_,很好,整体
1877,_,很快,物流
1771,清洁效果,_,功效
1771,清洁能力,_,功效
1772,补水效果,很好,功效
1772,大小,刚好,尺寸
1772,_,物美价廉,价格
1772,_,非常满意,整体
1772,_,很薄,使用体验
1773,泡沫,很多,使用体验
1773,_,挺好使的,整体
1774,_,还行,整体
1774,_,过敏了,使用体验
1775,补水效果,很好,功效
1776,成膜,快,使用体验
1776,防晒效果,好一点,功效
1776,_,挺好的,整体
1776,_,不油腻,使用体验
1777,包装,很完美,包装
1777,_,不错,整体
1777,_,很实惠,价格
1777,_,实惠,价格
1778,包装,非常仔细,包装
1778,发货速度,非常快,物流
1778,_,严实,气味
1779,_,很好,整体
1780,_,特别喜欢,整体
1781,_,很舒服,使用体验
1781,_,很柔滑,使用体验
1781,_,不硬,使用体验
1781,_,没有刺痛,使用体验
1782,送货速度,很快,物流
1782,货品,有点小贵,价格
1783,_,不错,整体
1783,_,很喜欢,整体
1784,优惠活动,很划算,价格
1784,发货,很快,物流
1784,_,很好用,整体
1784,_,遮暇,功效
1784,_,棒棒的,整体
1784,送货速度,_,物流
1785,快递员服务,很好,物流
1786,精华液,很,成分
1786,_,挺好用的，很补水,功效
1787,物流,快,物流
1787,_,不错,整体
1787,_,好,整体
1788,_,超级喜欢,整体
1788,_,特别舒服,使用体验
1788,_,没有过敏现象也不刺激,使用体验
1788,_,不刺激皮肤喜欢,使用体验
1788,_,喜欢很好,整体
1789,包装,可以,包装
1790,调整肤色,比较自然,功效
1790,_,比较水润,使用体验
1791,_,蛮喜欢的,整体
1792,物流,很快,物流
1793,_,便宜,价格
1794,_,过敏,使用体验
1795,_,很好,整体
1795,_,是正品,真伪
1796,快递小哥服务态度,好,物流
1796,_,补水,功效
1796,_,美白,功效
1796,_,保湿,功效
1796,_,很快,物流
1797,_,挺好用的,整体
1798,_,非常不错,整体
1799,_,水水嫩嫩的,使用体验
1800,_,太赞了,整体
1800,优惠券,_,价格
1801,_,很好用,整体
1801,_,挺薄的,使用体验
1801,_,很水润,使用体验
1802,_,不错,其他
1802,赠品,_,价格
1803,_,一点点,包装
1804,物流,快,物流
1804,_,不错,整体
1804,_,是正品,真伪
1805,_,挺好用的,整体
1805,_,太大了,气味
1805,水口,_,使用体验
1806,_,挺好,整体
1806,_,是正品,真伪
1806,包装箱,_,包装
1807,_,不错,整体
1808,_,是正品,真伪
1809,_,很好用,整体
1809,_,滋润,使用体验
1809,_,不油腻,使用体验
1809,_,不紧绷,使用体验
1809,_,喜欢,整体
1810,_,挺好用的,整体
1810,_,喜欢,整体
1810,_,很自然,功效
1811,_,不错,整体
1811,_,湿湿的,使用体验
1812,_,很好用,整体
1813,_,很喜欢,整体
1813,_,好评,整体
1814,香味,淡淡的,气味
1814,_,非常不错,整体
1814,_,很自然,功效
1815,_,特别实惠,价格
1815,_,比较水润,使用体验
1815,_,喜欢,整体
1816,隔离效果,超级棒,功效
1816,_,挺好用的,整体
1816,_,比较完美,其他
1816,赠品,_,价格
1817,颜色,很正,功效
1817,_,不错,整体
1818,发货,快,物流
1818,_,不错,整体
1818,_,好,整体
1819,_,贴肤,使用体验
1819,_,好用,整体
1819,_,划算,价格
1820,客服态度,很好,服务
1820,_,不错,整体
1820,_,很好,整体
1820,_,满意,整体
1821,一点效果,没有,功效
1822,_,量太少了,其他
1822,_,还可以,整体
1823,_,太简陋,整体
1823,包装,_,包装
1824,_,差的东西，我一般不给差评，可实在是东西太差了,整体
1825,发货,特别快,物流
1825,_,特别好用,整体
1885,发货,特别快,物流
1885,_,特别好用,整体
1826,_,挺干净的,功效
1827,_,还不错,整体
1828,_,非常好用,整体
1829,_,不错,整体
1829,_,不错,整体
1829,_,赞一个,整体
1831,活动,_,价格
1832,_,还不错,整体
1833,_,挺好用,整体
1833,_,很柔和,使用体验
1833,_,不紧绷,使用体验
1834,补水效果,不错,功效
1835,_,不错,整体
1835,_,物美价廉,价格
1840,_,_,_
1837,小礼品,很多,价格
1837,_,很贴心,使用体验
1837,_,真的不错,整体
1838,保湿,很好,功效
1838,_,挺好的,整体
1838,_,不干,使用体验
1838,_,很润,使用体验
1839,_,很好,整体
1839,_,很保湿,功效
1840,_,还不错,整体
1841,_,很合适,整体
1842,速度,很快,物流
1842,_,蛮好的,整体
1843,精华,挺多的,成分
1843,_,还不错,整体
1844,_,不错,整体
1845,_,挺好用的,整体
1846,卸妆效果,差,功效
1846,_,不能好评,整体
1847,_,不好,整体
1848,_,不错,整体
1849,_,挺好用的,整体
1849,_,正品,真伪
1850,物流速度,很快,物流
1851,_,不错,整体
1852,粉质,很重,成分
1852,_,比较淡,使用体验
1853,_,挺清爽的,使用体验
1853,_,不油腻,使用体验
1854,活动,好划算,价格
1855,美白效果,还是有的,功效
1856,上色,不够好,功效
1857,_,不错,整体
1857,_,好评,整体
1858,_,是正品,真伪
1858,_,很好用,整体
1859,快递小哥,这么给力,物流
1859,_,不错,整体
1859,_,很好用,整体
1860,卸妆,很干净,功效
1860,_,温和,使用体验
1860,_,不刺激,使用体验
1860,_,滑滑的,使用体验
1860,_,舒服,使用体验
1861,物流,很快,物流
1862,物流,超快,物流
1862,_,很好,整体
1863,_,还不错,整体
1864,清洁,可以,功效
1864,_,满意,整体
1864,_,挺清爽的,使用体验
1864,_,好白了,功效
1865,_,挺好的,整体
1865,赠品,_,价格
1866,_,很不错,整体
1866,_,有增白效果,功效
1867,_,不错,整体
1867,_,挺好用的,整体
1867,_,干净,功效
1867,_,不紧绷,使用体验
1868,价格,优惠,价格
1868,送货,快,物流
1868,_,很好,整体
1868,_,很满意,整体
1869,_,很适合,整体
1869,_,有点油,使用体验
1874,_,_,_
1871,遮瑕,不是很好,功效
1872,_,好用,整体
1873,_,非常满意,整体
1874,活动,很划算,价格
1875,脱妆,太严重了,功效
1876,_,很好用,整体
1876,_,嫩嫩的,使用体验
1878,粉质,细腻,使用体验
1878,_,服帖,使用体验
1879,补水效果,可以的,功效
1879,_,水水的,使用体验
1879,_,滑滑的,使用体验
1880,_,挺好用的,整体
1881,速度,超快,物流
1881,_,很实惠,价格
1881,_,很满意,整体
1882,_,不错,整体
1883,_,很喜欢,整体
1884,_,很自然,功效
1884,_,很细腻,使用体验
1884,_,不干,使用体验
1884,_,不过敏,使用体验
1884,_,真的不错,整体
1886,_,不错,整体
1887,_,喜欢,整体
1888,_,还不错,整体
1889,活动价格,还不错,价格
1890,_,还不错,整体
1891,_,好用,整体
1892,吸收,很快,使用体验
1892,包装,很好看,包装
1892,_,清爽,使用体验
1892,_,不油腻,使用体验
1892,设计,_,包装
1892,美白,_,功效
1893,补水,非常棒,功效
1893,_,非常好,整体
1894,_,很好,整体
1895,_,不紧绷,使用体验
1896,服务态度,一点也不好,服务
1896,_,还过敏,使用体验
1897,物流,好给力,物流
1897,_,好喜欢,整体
1898,_,不错,整体
1899,_,还可以,整体
1899,_,实惠,价格
1900,_,挺不错的,整体
1901,速度,太快了,物流
1901,味道,挺好闻的,气味
1901,_,不错,整体
1902,_,还可以,整体
1903,泡沫,细腻,使用体验
1903,包装,很好,包装
1903,_,柔软,使用体验
1903,_,舒服,使用体验
1904,_,喜欢,整体
1904,_,非常好,整体
1905,_,好用,整体
1905,_,不紧绷,使用体验
1906,活动,_,价格
1907,_,比较滋润,使用体验
1907,_,没有干燥起皮,使用体验
1908,颜色,比较自然,功效
1908,_,不错,整体
1909,补水效果,好,功效
1909,_,还不油腻,使用体验
1909,_,好评,整体
1910,_,挺好的,整体
1911,包装,没有损坏,包装
1912,颜色,不是特别的白,功效
1912,_,非常不错,整体
1912,_,很润,使用体验
1912,_,很自然,功效
1912,_,喜欢,整体
1913,味道,淡淡的,气味
1913,_,不错,整体
1913,_,挺好闻,气味
1914,_,不错,整体
1914,_,很喜欢,整体
1915,_,非常容易上装,使用体验
1915,_,不错,整体
1916,送货速度,很快,物流
1917,_,不好用,整体
1918,_,很服帖,使用体验
1918,_,清爽,使用体验
1918,_,不粘,使用体验
1918,_,喜欢,整体
1918,精华,_,成分
1919,赠品,物美价廉,价格
1919,_,不错,整体
1920,_,不错,整体
1920,_,喜欢,整体
1921,_,很满意,整体
1922,保装盒,没有,包装
1922,_,打开,整体
1923,_,挺水润的,使用体验
1924,_,好用,整体
1924,_,不过敏,使用体验
1925,价格,非常实惠,价格
1925,_,很舒服,使用体验
1925,_,非常喜欢,整体
1926,_,还可以,整体
1927,价格,非常实惠,价格
1927,服务,非常热情,服务
1927,_,很好,整体
1927,_,点赞,整体
1929,_,清爽,使用体验
1929,_,不油腻,使用体验
1929,_,很喜欢,整体
1930,_,挺好的,整体
1931,_,物美价廉,价格
1931,_,货真价实,整体
1931,_,五星好评,整体
1932,补水,还行,功效
1932,_,还可以,整体
1933,_,超级划算,价格
1933,_,很舒服,使用体验
1933,_,赞赞,整体
1934,精华,太少,成分
1934,_,一般,整体
1935,_,还不错,整体
1936,_,不不错,整体
1937,_,很不错,整体
1938,_,超棒的,整体
1938,_,非常合适,整体
1938,_,温和,使用体验
1938,_,不绷紧,使用体验
1938,_,很喜欢,整体
1939,_,不错,整体
1940,_,非常合算,价格
1940,_,润润的,使用体验
1941,_,非常棒,整体
1941,活动,_,价格
1942,_,非常好,整体
1942,_,好评,整体
1942,_,好评,整体
1943,包装,完好,包装
1943,_,是正品,真伪
1944,_,非常好用,整体
1944,_,柔和,使用体验
1944,_,细腻,使用体验
1944,_,美好,整体
1944,_,喜欢,整体
1945,_,红肿,使用体验
1945,_,倒霉,整体
1946,_,很划算,价格
1946,_,很舒服,使用体验
1947,_,一般般,整体
1947,_,很干,使用体验
1947,_,抹不开,使用体验
1947,_,不服帖,使用体验
1948,包装,精美,包装
1948,日期,新鲜,新鲜度
1948,_,不错,整体
1948,_,有遮瑕效果,功效
1949,保湿效果,不错,功效
1949,_,还行,整体
1949,_,很水嫩,使用体验
1950,泡沫,细腻,使用体验
1950,_,丰富,使用体验
1950,_,有轻微紧绷感,使用体验
1951,价格,实惠,价格
1951,_,还不错,整体
1952,赠品,_,价格
1953,_,挺水润的,使用体验
1953,_,很喜欢,整体
1954,_,很好用,整体
1954,_,不过敏,使用体验
1955,_,是正品,真伪
1955,_,很好,整体
1955,_,不过敏,使用体验
1956,香味,淡淡的,气味
1956,_,蛮好,整体
1956,_,不油腻,使用体验
1956,增白效果,_,功效
1957,保湿：保湿效果,不错,功效
1957,保湿效果不错，一直在用的。卖家服务态度,很好,服务
1957,_,很满意,整体
1957,_,快,物流
1957,卖家服务态度很好，发货速度,_,服务
1958,_,非常好用,整体
1958,_,滋润,使用体验
1958,_,保湿,功效
1958,_,不过敏,使用体验
1959,物流,一般,物流
1959,快递盒,揉烂了,物流
1959,包装盒,被挤坏了,包装
1960,快递,挺快的,物流
1960,包装,很好,包装
1960,快递员服务,好,物流
1960,遮瑕效果,不很好,功效
1961,_,好评,整体
1962,赠品,好用,价格
1962,_,不错,整体
1962,_,很实惠,价格
1963,_,还不错,整体
1964,快递,是真快,物流
1964,包装,有点简陋,包装
1965,_,非常满意,整体
1966,_,比较方便,使用体验
1967,_,不太好用,整体
1967,_,太干,使用体验
1968,_,挺好的,整体
1968,_,自然,功效
1968,_,不显假,功效
1969,优惠力度,很高,价格
1969,_,很好用,整体
1970,物流,好快,物流
1971,_,蛮清爽的,使用体验
1972,_,很刺眼,使用体验
1973,味道,很不错的，很清新,气味
1973,_,很明显,其他
1973,_,很自然,功效
1973,_,不会起皮,使用体验
1973,_,很清新，感觉很不错,气味
1974,_,好用,整体
1975,_,不错,整体
1976,味道,还行,气味
1976,_,有点点白,功效
1977,发货速度,很快,物流
1978,活动,很实惠,价格
1978,_,不错,整体
1978,赠品,_,价格
1979,味道,不大喜欢,气味
1979,_,很满意,整体
1979,_,很舒服的，我吃妆比较厉害，这款隔离霜用着很不错,使用体验
1980,速度,很快,物流
1980,_,挺好用的,整体
1980,_,比较服帖,使用体验
1980,_,自然,功效
1980,_,好评,整体
1981,价格,优惠,价格
1981,_,还可以,整体
1981,_,好评,整体
1982,_,是正品,真伪
1983,_,超划算,价格
1983,_,挺补水的,功效
1984,遮瑕效果,不错,功效
1984,赠品,多,价格
1984,_,挺好的,整体
1984,_,提亮了好多,功效
1985,_,挺好用的，隔离霜还不错涂得很均匀,功效
1985,活动,_,价格
1986,_,很滑,使用体验
1987,_,挺好的,整体
1988,价格,不贵,价格
1988,_,非常好用,整体
1989,_,很好用,整体
1989,_,便宜,价格
1990,_,好用,整体
1990,_,好用,整体
1990,_,好用,整体
1991,性价比,高,价格
1991,_,提亮,功效
1991,_,不脱妆,使用体验
1992,_,很适合,整体
1993,味道,淡淡的,气味
1993,_,不持久,气味
1993,_,还行,气味
1994,_,很滋润,使用体验
1994,_,不干,使用体验
1994,_,遮瑕,功效
1995,_,特别喜欢,整体
1995,_,凉凉的,使用体验
1995,_,特别舒服,使用体验
1995,_,不刺激,使用体验
1996,味道,淡淡的,气味
1996,_,是正品,真伪
1997,_,好,整体
1998,_,好实惠,价格
1998,_,非常好用,整体
1999,物流,还行,物流
1999,_,不太好,整体
1999,_,不合适,整体
2000,_,挺不错,整体
2001,颜色,自然,包装
2001,外壳,好看,包装
2001,_,非常好看,整体
2001,_,不墙白,功效
2002,_,好,整体
2003,_,挺好的,整体
2004,_,挺柔和的,使用体验
2004,_,不刺激,使用体验
2005,保湿效果,很好,功效
2005,_,挺好用的,整体
2005,_,最好用,整体
2006,_,凉凉的,使用体验
2007,_,一般般,整体
2008,_,非常好用,整体
2009,补水效果,不错,功效
2010,_,很温和,使用体验
2010,_,好方便,整体
2010,_,很贴心,使用体验
2011,_,不错,整体
2012,_,挺好的,整体
2013,_,很锁水,功效
2013,_,不会腻,使用体验
2014,_,蛮干净的,功效
2015,隔离效果,好,功效
2015,_,滋润,使用体验
2015,美白,_,功效
2016,补水,可以,功效
2016,_,五星好评,整体
2016,保湿,_,功效
2017,客服态度,不好,服务
2017,_,很差,整体
2018,_,不错,整体
2019,味道,太浓了,气味
2019,泡沫,刺眼睛,使用体验
2019,_,不过敏,使用体验
2020,控油,特别好,功效
2020,_,还不错,整体
2021,_,很好,整体
2022,发货,很快,物流
2022,_,物美价廉,价格
2023,_,挺好看,整体
2024,_,很不错,整体
2025,_,有点厚,使用体验
2025,妆感,_,物流
2026,_,一般般,整体
2027,_,还可以,整体
2027,_,比较轻薄,使用体验
2027,补水,_,功效
2028,_,喜欢,整体
2029,_,特别补水,功效
2030,赠品,很多,价格
2030,_,细腻,使用体验
2030,_,自然,功效
2030,_,太好了,整体
2031,_,挺好用的,整体
2032,_,很温和,使用体验
2032,_,还不错,整体
2032,_,挺舒服的,使用体验
2032,_,很划算,价格
2032,_,超级实惠,价格
2032,_,很好用,整体
2033,活动,超级划算,价格
2033,_,非常好用,整体
2034,_,垃圾,整体
2034,_,差评,整体
2035,送货,特别快,物流
2035,送货,到家,物流
2035,快递员,特别好用,物流
2035,价格,太划算,价格
2036,_,很不错,整体
2036,_,实惠,价格
2037,_,不错,整体
2037,_,好用,整体
2038,味道,好,气味
2038,_,很不错,整体
2039,质地,很轻薄,使用体验
2039,_,均匀,功效
2039,淡斑效果,_,功效
2040,_,是正品,真伪
2040,_,满意,整体
2040,_,满意,整体
2041,物流,很快,物流
2041,_,挺不错,整体
2042,_,很给力,整体
2043,价钱,挺好的,价格
2044,臭味,_,气味
2045,_,还不错,整体
2046,精华,特别多,成分
2046,_,真的快,物流
2046,_,真的好用,整体
2047,香味,淡淡的,气味
2047,_,很喜欢,整体
2047,_,不腻,使用体验
2048,包装,还可以,包装
2048,_,还行,整体
2048,大小,_,尺寸
2049,_,很自然,功效
2049,_,白的好假,功效
2049,_,自然的美,功效
2049,_,不错,整体
2050,_,好用,整体
2050,_,很服帖,使用体验
2051,气味,没有任何,气味
2051,_,清爽,气味
2051,_,不知是否正品,真伪
2051,质地,_,使用体验
2052,起皮,严重,使用体验
2052,_,发干,使用体验
2053,上妆,很合适,功效
2053,_,挺好的,整体
2053,_,不错,整体
2053,_,挺好的,整体
2054,优惠力度,_,价格
2055,_,好用,整体
2055,_,便宜太多了,价格
2055,_,太划算了,价格
2056,价格,实惠,价格
2056,送货,快,物流
2056,_,赞一个,整体
2057,快递小哥,到位,物流
2057,_,不错,整体
2057,_,非常喜欢,整体
2058,_,很清爽,使用体验
2059,味道,淡淡的,气味
2059,赠品,很多,价格
2059,_,很满意,整体
2059,清香,_,气味
2060,味道,难闻,气味
2061,_,挺好的,整体
2062,_,过敏,使用体验
2064,补水效果,没得说,功效
2064,_,好用,整体
2064,_,特别湿润,使用体验
2064,_,舒服,使用体验
2064,_,细致,使用体验
2065,_,很好,整体
2065,_,比较自然,功效
2066,味道,勉强可以,气味
2066,_,量很少,其他
2066,_,不像是正品,真伪
2067,_,难闻的,气味
2067,_,不好用,整体
2068,_,好用,整体
2069,_,过敏,使用体验
2069,_,很严重,使用体验
2070,物流,超快,物流
2070,_,是正品,真伪
2071,补水效果,很好,功效
2071,_,绝对的正品,真伪
2071,_,刺激的,使用体验
2072,_,特别薄,使用体验
2072,_,很服帖,使用体验
2072,容量,_,其他
2072,香味,_,气味
2073,包装,太差,包装
2074,持妆效果,不错,功效
2074,_,很服帖,使用体验
2074,_,挺遮毛孔的,功效
2074,遮瑕效果,_,功效
2075,_,不错,整体
2075,_,很喜欢,整体
2076,价格,合理,价格
2076,_,还可以,整体
2077,_,不错,整体
2077,_,还可以,整体
2077,_,不错,整体
2078,保湿,很好,功效
2078,遮暇效果,不错,功效
2078,快递,很快,物流
2078,_,非常喜欢,整体
2079,_,挺好的,整体
2079,_,很划算,价格
2080,味道,香香的,气味
2080,_,很服帖,使用体验
2080,_,很不错,整体
2081,_,很水润,使用体验
2081,_,很服帖,使用体验
2081,_,很划算,价格
2082,盖子,很蠢,包装
2082,_,还可以,整体
2082,_,很好吸收,使用体验
2082,_,不好看,整体
2083,_,蛮好的,整体
2084,_,好评,整体
2085,客服,不少，还有客服小茜服务很好,服务
2086,_,蛮好的,整体
2087,_,还不错,整体
2087,_,没有过敏,使用体验
2088,价格,适中,价格
2088,_,很不错,整体
2088,_,不会太干,使用体验
2088,_,很喜欢,整体
2089,价格,实惠,价格
2089,_,很方便,整体
2090,_,一般般了,整体
2091,快递,非常快,物流
2091,_,是正品,真伪
2091,_,挺滋润,使用体验
2091,_,特别方便,使用体验
2091,_,挺好的,整体
2092,_,很好用,整体
2093,_,是正品,真伪
2093,_,很好用,整体
2094,_,好用,整体
2094,_,非常喜欢,整体
2095,_,挺好的,整体
2096,包装,很漂亮,包装
2096,_,很补水,功效
2096,_,超喜欢,整体
2097,_,喜欢,整体
2098,物流,很快,物流
2098,_,很满意,整体
2099,_,很不错,整体
2099,_,容易抹开,使用体验
2099,_,很喜欢,整体
2100,_,很划算,价格
2101,气味,刺鼻的,气味
2101,_,不是正品,真伪
2102,包装,精美,包装
2102,_,物美价廉,价格
2103,物流,很快,物流
2103,价格,实惠,价格
2103,_,很喜欢,整体
2103,_,特别服帖,使用体验
2104,_,很棒,整体
2105,快递,很快,物流
2105,_,很好用,整体
2105,_,是正品,真伪
2106,遮瑕,不太好,功效
2106,_,还不错,整体
2106,_,挺自然,功效
2107,活动,划算,价格
2107,_,好好,整体
2107,_,很好,整体
2107,_,好,服务
2108,_,不咋,整体
2109,设计,太狗血,包装
2109,_,不错,整体
2109,_,好难盖,整体
2110,快递速度,很快,物流
2110,_,非常好,整体
2111,价格,比较便宜,价格
2112,_,过敏,使用体验
2112,_,太干了,使用体验
2113,性价比,高,价格
2113,_,很不错,整体
2114,_,挺好的,整体
2115,_,挺好的,整体
2116,_,没什么效果,整体
2116,_,有点刺痛,使用体验
2117,包装,不好,包装
2118,_,很好用,整体
2118,_,很划算,价格
2118,_,太满意了,整体
2119,补水效果,很不错,功效
2120,泡沫,丰富,使用体验
2120,物流,快,物流
2120,_,干净,使用体验
2120,_,不是特紧绷,使用体验
2120,_,5分好评,整体
2121,_,超级好用,整体
2121,_,非常保湿,功效
2121,_,特别好,整体
2121,_,大爱,整体
2122,味道,淡淡的,气味
2122,_,还可以,整体
2122,_,挺好的,整体
2122,_,喜欢,气味
2123,_,好用,整体
2123,_,不紧绷,使用体验
2123,_,很舒服,使用体验
2124,_,不错,整体
2124,_,很好,整体
2125,补水效果,很好,功效
2125,_,是正品,真伪
2126,赠品,没有不开心,价格
2127,_,好用,整体
2128,价格,不贵,价格
2128,_,不错,整体
2128,_,不会去痘痘,使用体验
2128,_,不会过敏,使用体验
2129,清洁度,中等,功效
2129,_,很柔和舒服,使用体验
2130,_,非常好,整体
2131,_,很好,整体
2131,_,很补水,功效
2132,精华,很多,成分
2132,补水效果,不错,功效
2132,_,确实不错,整体
2132,_,很服帖,使用体验
2133,服务态度,很好,服务
2133,_,很好用,整体
2134,包装,完好,包装
2134,_,很好用,整体
2135,活动,特别划算,价格
2135,补水效果,不错,功效
2136,物流,很快,物流
2136,_,很棒,整体
2136,_,?棒哒,整体
2137,香味,优然,气味
2137,物流,超快,物流
2137,_,很喜欢,整体
2137,_,提肤色,功效
2137,_,很自然,功效
2137,_,给好评,整体
2138,_,喜欢,整体
2138,_,不得了,整体
2139,_,比较信赖,整体
2140,物流,很快,物流
2140,_,不错,整体
2141,_,还不错,整体
2142,_,温和型的。这已经是我买的第二只了。真的很好用,使用体验
2143,补水效果,非常好,功效
2144,物流,很快,物流
2144,_,还不错,整体
2146,包装,不错,包装
2147,保湿,好,功效
2147,_,非常好,整体
2147,_,贴皮肤,使用体验
2148,服务,超级贴心,服务
2148,香味,淡淡的,气味
2148,_,蛮保湿的,功效
2148,赠品,_,价格
2149,活动,最合适,价格
2149,_,特别好,整体
2150,包装,挺好的,包装
2151,_,很好用,整体
2152,补水效果,超好,功效
2152,_,很好用,整体
2153,_,很好,整体
2154,_,贵了点,整体
2155,_,很好用,整体
2156,包装,不太好,包装
2156,快递服务态度,很好,物流
2156,_,好评,整体
2157,物流,给力,物流
2157,_,很喜欢,整体
2158,补水效果,很好,功效
2158,_,没有不适反应,使用体验
2159,配送小哥,棒棒哒,物流
2160,_,香香的,气味
2160,_,很好拍开,使用体验
2161,_,太香了,气味
2162,价钱,给力,价格
2162,_,非常好,整体
2162,_,优惠,价格
2162,_,实惠,价格
2163,补水,很补水,功效
2164,_,非常好用,整体
2165,味道,太刺鼻,气味
2165,_,没有泡沫,使用体验
2165,_,不好,整体
2166,_,香香的,气味
2166,_,很细腻,使用体验
2166,_,滑滑的,使用体验
2166,_,很舒服,使用体验
2167,_,不错,整体
2167,_,很实惠,价格
2168,_,不太好洗,使用体验
2168,_,滑滑的,使用体验
2168,_,没洗干净,功效
2169,_,还可以,整体
2170,快递,真的好快,物流
2171,_,快,物流
2172,价格,不值,价格
2173,味道,奇怪的,气味
2173,_,还可以,整体
2174,_,不错,整体
2175,_,一般,整体
2175,_,洗不干净,功效
2176,_,超级好用,整体
2176,_,超级好用的,整体
2176,味道,_,气味
2177,粉扑不怎么好，用起来不方便，颜色,不方便,整体
2177,_,不怎么好,整体
2177,_,不是很自然,功效
2178,_,还行,整体
2179,延展性,很好,使用体验
2179,气味,不太好闻,气味
2179,_,能接受,使用体验
2179,_,油腻感,使用体验
2180,_,很好用,整体
2181,_,很好用,整体
2181,_,好评,整体
2182,_,挺便宜的,价格
2183,物流,好快,物流
2184,_,还可以,整体
2184,包装,_,包装
2185,_,挺好的,整体
2186,_,还可以,整体
2187,物流,快,物流
2187,_,是正品,真伪
2188,包装盒,没有,包装
2188,_,还行,整体
2189,快递,快,物流
2189,送货,_,物流
2190,香味,很喜欢,气味
2190,_,很淡,气味
2191,活动,挺划算,价格
2191,_,太慢了,整体
2192,发货,很快,物流
2193,性价比,真的高,价格
2193,_,很好用,整体
2193,_,好用,整体
2193,_,不贵,价格
2194,包装,好,包装
2194,物流,快,物流
2194,_,不卡粉,使用体验
2194,_,很润,使用体验
2194,_,很满意,整体
2195,_,适合,整体
2196,味道,好闻,气味
2197,_,不是太好用,整体
2198,发货,快,物流
2198,包装,好看,包装
2198,_,满意,整体
2199,_,很划算,价格
2200,_,还可以,整体
2201,_,很好,整体
2202,包装,一般,包装
2202,小瓶,很精致,包装
2203,_,反正,真伪
2203,_,红了,使用体验
2204,味道,还行,气味
2204,_,有泡沫,使用体验
2204,_,不细腻,使用体验
2205,补水,还可以,功效
2205,_,没过敏,使用体验
2205,_,不错,整体
2206,_,不错,整体
2206,_,挺好,整体
2206,_,温和,使用体验
2206,_,不刺激,使用体验
2206,_,不错,整体
2207,_,非常棒,整体
2208,活动,很便宜,价格
2208,性价比,挺高的,价格
2209,价格,不贵,价格
2209,_,还行,整体
2209,_,经济实惠,价格
2210,_,一直不错,整体
2210,_,不会太白,功效
2210,_,很自然,功效
2211,_,喜欢,整体
2212,_,便宜,价格
2212,_,更贵,价格
2213,补水效果,挺不错,功效
2213,_,超级棒,整体
2214,物流,挺快的,物流
2214,_,还不错,整体
2214,_,挺舒服的,使用体验
2215,外包装,不好看,包装
2216,赠品,不错,价格
2216,_,挺好的,整体
2216,_,细腻,使用体验
2216,_,顺滑,使用体验
2216,_,有光泽,使用体验
2217,_,超划算,价格
2217,_,很好,整体
2218,_,不错,整体
2219,_,特别好用,整体
2219,_,非常满意,整体
2220,客服,耐心,服务
2220,_,改善面部,功效
2221,补水效果,很好,功效
2222,_,有点偏干,使用体验
2222,_,不润,使用体验
2222,色号,_,包装
2223,_,挺好,整体
2223,_,挺适合,整体
2224,_,还可以,整体
2224,_,比较优惠,价格
2224,清洁效果,_,功效
2225,_,一般一般,整体
2226,_,十分满意,整体
2227,_,不错,整体
2227,_,好评,整体
2228,_,挺好的,整体
2229,包装,很好,包装
2229,_,棒棒哒,整体
2229,_,是正品,真伪
2230,_,不错,整体
2230,_,划算,价格
2231,_,很细腻,使用体验
2231,_,不是太白,功效
2232,物流,超快,物流
2232,_,很好用,整体
2233,_,挺显白的,使用体验
2233,_,不容易推开,使用体验
2234,_,很不错,整体
2234,_,容易推开,使用体验
2234,_,改善肤色,功效
